ctime,schemaname,relname,seq_scan,seq_tup_read,idx_scan,idx_tup_fetch,n_tup_ins,n_tup_upd,n_tup_del,n_tup_hot_upd,n_live_tup,n_dead_tup,heap_blks_read,heap_blks_hit,idx_blks_read,idx_blks_hit,toast_blks_read,toast_blks_hit,tidx_blks_read,tidx_blks_hit
1415153576.99253,pg_catalog,pg_attrdef,0,0,0,0,0,0,0,0,0,0,0,0,0,0,0,0,0,0
1415153576.99253,pg_catalog,pg_db_role_setting,0,0,102040,0,0,0,0,0,0,0,0,0,1187,100853,0,0,0,0
1415153576.99253,pg_catalog,pg_rowsecurity,0,0,0,0,0,0,0,0,0,0,0,0,0,0,,,,
1415153576.99253,pg_catalog,pg_description,0,0,2885,0,0,0,0,0,0,0,0,0,861,5568,0,0,0,0
1415153576.99253,pg_catalog,pg_foreign_data_wrapper,0,0,0,0,0,0,0,0,0,0,0,0,0,0,,,,
1415153576.99253,pg_catalog,pg_conversion,0,0,0,0,0,0,0,0,0,0,0,0,0,0,,,,
1415153576.99253,information_schema,sql_features,0,0,,,0,0,0,0,0,0,0,0,,,0,0,0,0
1415153576.99253,public,lineitem,0,0,,,0,0,0,0,0,0,0,0,,,,,,
1415153576.99253,public,time_statistics,0,0,,,1,0,0,0,1,0,1,0,,,,,,
1415153576.99253,pg_catalog,pg_class,10049,2508892,683437,634536,1116,402,1104,384,311,144,12907,723618,12010,1415595,,,,
1415153576.99253,pg_catalog,pg_opfamily,0,0,0,0,0,0,0,0,0,0,0,0,0,0,,,,
1415153576.99253,pg_catalog,pg_auth_members,0,0,0,0,0,0,0,0,0,0,0,0,0,0,,,,
1415153576.99253,pg_catalog,pg_operator,0,0,181773,910661,0,0,0,0,0,0,12818,625075,9360,390143,,,,
1415153576.99253,information_schema,sql_packages,0,0,,,0,0,0,0,0,0,0,0,,,0,0,0,0
1415153576.99253,pg_catalog,pg_attribute,1628,11100,523118,1125989,4144,112,4008,83,2472,456,20969,571982,8087,1082978,,,,
1415153576.99253,pg_catalog,pg_tablespace,2,4,17781,17781,0,0,0,0,0,0,1149,16634,2329,33299,,,,
1415153576.99253,pg_catalog,pg_statistic,0,0,135109,128339,870,2470,863,2046,408,177,14066,121364,3637,287340,25792,106287,1716,173379
1415153576.99253,pg_catalog,pg_aggregate,0,0,12416,12416,0,0,0,0,0,0,1512,10904,3276,18463,,,,
1415153576.99253,pg_catalog,pg_inherits,0,0,659,0,0,0,0,0,0,0,0,0,297,362,,,,
1415153576.99253,information_schema,sql_sizing,0,0,,,0,0,0,0,0,0,0,0,,,0,0,0,0
1415153576.99253,pg_catalog,pg_enum,0,0,0,0,0,0,0,0,0,0,0,0,0,0,,,,
1415153576.99253,pg_toast,pg_toast_2396,0,0,0,0,0,0,0,0,0,0,0,0,0,0,,,,
1415153576.99253,pg_catalog,pg_pltemplate,0,0,0,0,0,0,0,0,0,0,0,0,0,0,,,,
1415153576.99253,pg_toast,pg_toast_2618,0,0,4164,13310,0,0,0,0,0,0,1851,3200,601,6089,,,,
1415153576.99253,pg_toast,pg_toast_3596,0,0,0,0,0,0,0,0,0,0,0,0,0,0,,,,
1415153576.99253,pg_toast,pg_toast_11747,0,0,0,0,0,0,0,0,0,0,0,0,0,0,,,,
1415153576.99253,pg_toast,pg_toast_11727,0,0,0,0,0,0,0,0,0,0,0,0,0,0,,,,
1415153576.99253,pg_toast,pg_toast_2606,0,0,0,0,0,0,0,0,0,0,0,0,0,0,,,,
1415153576.99253,pg_toast,pg_toast_2964,0,0,0,0,0,0,0,0,0,0,0,0,0,0,,,,
1415153576.99253,pg_catalog,pg_database,2522,9824,85733,85731,1,0,0,0,1,0,836,87418,5051,131660,,,,
1415153576.99253,information_schema,sql_parts,0,0,,,0,0,0,0,0,0,0,0,,,0,0,0,0
1415153576.99253,pg_toast,pg_toast_2620,0,0,0,0,0,0,0,0,0,0,0,0,0,0,,,,
1415153576.99253,public,region,2,10,0,0,5,0,0,0,5,0,1,3,0,0,,,,
1415153576.99253,pg_toast,pg_toast_11737,0,0,0,0,0,0,0,0,0,0,0,0,0,0,,,,
1415153576.99253,pg_catalog,pg_depend,0,0,27598,29966,5123,0,5090,0,6628,955,4679,34884,7101,71575,,,,
1415153576.99253,pg_catalog,pg_language,0,0,0,0,0,0,0,0,0,0,0,0,0,0,,,,
1415153576.99253,information_schema,sql_implementation_info,0,0,,,0,0,0,0,0,0,0,0,,,0,0,0,0
1415153576.99253,public,part,0,0,,,0,0,0,0,0,0,0,0,,,,,,
1415153576.99253,public,supplier,0,0,,,0,0,0,0,0,0,0,0,,,,,,
1415153576.99253,pg_catalog,pg_amproc,296,592,103594,162515,0,0,0,0,0,0,1381,100930,3589,228298,,,,
1415153576.99253,pg_catalog,pg_collation,0,0,0,0,0,0,0,0,0,0,0,0,0,0,,,,
1415153576.99253,pg_catalog,pg_range,0,0,5328,0,0,0,0,0,0,0,0,0,3138,7518,,,,
1415153576.99253,pg_toast,pg_toast_2609,0,0,0,0,0,0,0,0,0,0,0,0,0,0,,,,
1415153576.99253,pg_catalog,pg_opclass,296,296,141980,1616027,0,0,0,0,0,0,3060,637292,5003,172215,,,,
1415153576.99253,pg_toast,pg_toast_11752,0,0,0,0,0,0,0,0,0,0,0,0,0,0,,,,
1415153576.99253,pg_catalog,pg_rewrite,0,0,8120,6962,386,0,386,0,110,22,3121,6886,1591,12265,1851,3200,1202,12178
1415153576.99253,pg_toast,pg_toast_1255,0,0,0,0,0,0,0,0,0,0,0,0,0,0,,,,
1415153576.99253,pg_catalog,pg_seclabel,0,0,2885,0,0,0,0,0,0,0,0,0,282,2603,0,0,0,0
1415153576.99253,information_schema,sql_languages,0,0,,,0,0,0,0,0,0,0,0,,,0,0,0,0
1415153576.99253,public,nation,2,50,0,0,25,0,0,0,25,0,1,3,0,0,,,,
1415153576.99253,pg_catalog,pg_ts_parser,0,0,0,0,0,0,0,0,0,0,0,0,0,0,,,,
1415153576.99253,pg_catalog,pg_trigger,0,0,0,0,0,0,0,0,0,0,0,0,0,0,0,0,0,0
1415153576.99253,pg_catalog,pg_shseclabel,0,0,0,0,0,0,0,0,0,0,0,0,0,0,,,,
1415153576.99253,pg_catalog,pg_event_trigger,0,0,1099,0,0,0,0,0,0,0,0,0,297,802,,,,
1415153576.99253,pg_toast,pg_toast_11742,0,0,0,0,0,0,0,0,0,0,0,0,0,0,,,,
1415153576.99253,pg_catalog,pg_foreign_table,0,0,0,0,0,0,0,0,0,0,0,0,0,0,,,,
1415153576.99253,information_schema,sql_sizing_profiles,0,0,,,0,0,0,0,0,0,0,0,,,0,0,0,0
1415153576.99253,pg_catalog,pg_extension,0,0,0,0,0,0,0,0,0,0,0,0,0,0,,,,
1415153576.99253,pg_catalog,pg_ts_config,0,0,0,0,0,0,0,0,0,0,0,0,0,0,,,,
1415153576.99253,pg_catalog,pg_shdescription,0,0,0,0,0,0,0,0,0,0,0,0,0,0,0,0,0,0
1415153576.99253,public,partsupp,0,0,,,0,0,0,0,0,0,0,0,,,,,,
1415153576.99253,pg_catalog,pg_cast,0,0,773566,188036,0,0,0,0,0,0,2195,185841,2021,794816,,,,
1415153576.99253,pg_catalog,pg_amop,0,0,213083,307935,0,0,0,0,0,0,4076,303859,7449,448132,,,,
1415153576.99253,public,customer,0,0,,,0,0,0,0,0,0,0,0,,,,,,
1415153576.99253,pg_catalog,pg_user_mapping,0,0,0,0,0,0,0,0,0,0,0,0,0,0,,,,
1415153576.99253,pg_catalog,pg_type,0,0,563842,558796,1326,0,1307,0,360,107,6070,558492,8248,1155220,,,,
1415153576.99253,pg_catalog,pg_largeobject,0,0,0,0,0,0,0,0,0,0,0,0,0,0,,,,
1415153576.99253,pg_catalog,pg_ts_config_map,0,0,0,0,0,0,0,0,0,0,0,0,0,0,,,,
1415153576.99253,pg_catalog,pg_largeobject_metadata,0,0,0,0,0,0,0,0,0,0,0,0,0,0,,,,
1415153576.99253,pg_catalog,pg_am,25146,25146,0,0,0,0,0,0,0,0,1164,23982,0,0,,,,
1415153576.99253,pg_toast,pg_toast_11722,0,0,0,0,0,0,0,0,0,0,0,0,0,0,,,,
1415153576.99253,pg_catalog,pg_ts_template,0,0,0,0,0,0,0,0,0,0,0,0,0,0,,,,
1415153576.99253,pg_catalog,pg_foreign_server,0,0,0,0,0,0,0,0,0,0,0,0,0,0,,,,
1415153576.99253,pg_catalog,pg_namespace,2016,30070,139497,115620,36,0,0,0,36,0,1060,116667,3090,162778,,,,
1415153576.99253,pg_toast,pg_toast_2619,0,0,81764,272707,2817,0,2806,0,23,268,25792,106287,1716,173379,,,,
1415153576.99253,pg_catalog,pg_authid,908,908,47865,47865,0,0,0,0,0,0,1003,47770,4143,91587,,,,
1415153576.99253,pg_catalog,pg_default_acl,0,0,2676,0,0,0,0,0,0,0,0,0,281,2395,,,,
1415153576.99253,public,orders,0,0,,,0,0,0,0,0,0,0,0,,,,,,
1415153576.99253,pg_catalog,pg_shdepend,0,0,3517,696,0,0,0,0,0,0,296,400,1169,3658,,,,
1415153576.99253,pg_catalog,pg_constraint,0,0,178,88,90,0,88,0,4,32,53,498,96,894,0,0,0,0
1415153576.99253,pg_catalog,pg_index,5132,580458,255202,364829,447,0,445,0,117,100,5718,350830,4723,291635,,,,
1415153576.99253,pg_catalog,pg_ts_dict,0,0,0,0,0,0,0,0,0,0,0,0,0,0,,,,
1415153576.99253,pg_toast,pg_toast_2604,0,0,0,0,0,0,0,0,0,0,0,0,0,0,,,,
1415153576.99253,pg_toast,pg_toast_11732,0,0,0,0,0,0,0,0,0,0,0,0,0,0,,,,
1415153576.99253,pg_catalog,pg_proc,0,0,227139,335977,0,0,0,0,0,0,23938,226667,15339,484862,0,0,0,0
1415153636.99572,pg_catalog,pg_attrdef,0,0,0,0,0,0,0,0,0,0,0,0,0,0,0,0,0,0
1415153636.99572,pg_catalog,pg_db_role_setting,0,0,102300,0,0,0,0,0,0,0,0,0,1188,101112,0,0,0,0
1415153636.99572,pg_catalog,pg_rowsecurity,0,0,0,0,0,0,0,0,0,0,0,0,0,0,,,,
1415153636.99572,pg_catalog,pg_description,0,0,2885,0,0,0,0,0,0,0,0,0,861,5568,0,0,0,0
1415153636.99572,pg_catalog,pg_foreign_data_wrapper,0,0,0,0,0,0,0,0,0,0,0,0,0,0,,,,
1415153636.99572,pg_catalog,pg_conversion,0,0,0,0,0,0,0,0,0,0,0,0,0,0,,,,
1415153636.99572,information_schema,sql_features,0,0,,,0,0,0,0,0,0,0,0,,,0,0,0,0
1415153636.99572,public,lineitem,0,0,,,0,0,0,0,0,0,0,0,,,,,,
1415153636.99572,public,time_statistics,0,0,,,1,0,0,0,1,0,1,0,,,,,,
1415153636.99572,pg_catalog,pg_class,10072,2511773,684248,635293,1131,402,1104,384,326,0,12908,724698,12012,1417399,,,,
1415153636.99572,pg_catalog,pg_opfamily,0,0,0,0,0,0,0,0,0,0,0,0,0,0,,,,
1415153636.99572,pg_catalog,pg_auth_members,0,0,0,0,0,0,0,0,0,0,0,0,0,0,,,,
1415153636.99572,pg_catalog,pg_operator,0,0,181826,910770,0,0,0,0,0,0,12829,625154,9361,390267,,,,
1415153636.99572,information_schema,sql_packages,0,0,,,0,0,0,0,0,0,0,0,,,0,0,0,0
1415153636.99572,pg_catalog,pg_attribute,1639,11175,523813,1127732,4167,117,4008,88,2495,461,20990,572984,8088,1084509,,,,
1415153636.99572,pg_catalog,pg_tablespace,2,4,17788,17788,0,0,0,0,0,0,1150,16640,2332,33312,,,,
1415153636.99572,pg_catalog,pg_statistic,0,0,135269,128460,901,2570,863,2128,439,100,14078,121768,3637,287773,25821,106851,1721,173814
1415153636.99572,pg_catalog,pg_aggregate,0,0,12417,12417,0,0,0,0,0,0,1513,10904,3278,18463,,,,
1415153636.99572,pg_catalog,pg_inherits,0,0,659,0,0,0,0,0,0,0,0,0,297,362,,,,
1415153636.99572,information_schema,sql_sizing,0,0,,,0,0,0,0,0,0,0,0,,,0,0,0,0
1415153636.99572,pg_catalog,pg_enum,0,0,0,0,0,0,0,0,0,0,0,0,0,0,,,,
1415153636.99572,pg_toast,pg_toast_2396,0,0,0,0,0,0,0,0,0,0,0,0,0,0,,,,
1415153636.99572,pg_catalog,pg_pltemplate,0,0,0,0,0,0,0,0,0,0,0,0,0,0,,,,
1415153636.99572,pg_toast,pg_toast_2618,0,0,4170,13328,0,0,0,0,0,0,1856,3202,601,6099,,,,
1415153636.99572,pg_toast,pg_toast_3596,0,0,0,0,0,0,0,0,0,0,0,0,0,0,,,,
1415153636.99572,pg_toast,pg_toast_11747,0,0,0,0,0,0,0,0,0,0,0,0,0,0,,,,
1415153636.99572,pg_toast,pg_toast_11727,0,0,0,0,0,0,0,0,0,0,0,0,0,0,,,,
1415153636.99572,pg_toast,pg_toast_2606,0,0,0,0,0,0,0,0,0,0,0,0,0,0,,,,
1415153636.99572,pg_toast,pg_toast_2964,0,0,0,0,0,0,0,0,0,0,0,0,0,0,,,,
1415153636.99572,pg_catalog,pg_database,2526,9834,85940,85938,1,0,0,0,1,0,836,87629,5055,131992,,,,
1415153636.99572,information_schema,sql_parts,0,0,,,0,0,0,0,0,0,0,0,,,0,0,0,0
1415153636.99572,pg_toast,pg_toast_2620,0,0,0,0,0,0,0,0,0,0,0,0,0,0,,,,
1415153636.99572,public,region,2,10,0,0,5,0,0,0,5,0,1,3,0,0,,,,
1415153636.99572,pg_toast,pg_toast_11737,0,0,0,0,0,0,0,0,0,0,0,0,0,0,,,,
1415153636.99572,pg_catalog,pg_depend,0,0,27662,30026,5153,0,5090,0,6658,955,4684,35016,7105,71849,,,,
1415153636.99572,pg_catalog,pg_language,0,0,0,0,0,0,0,0,0,0,0,0,0,0,,,,
1415153636.99572,information_schema,sql_implementation_info,0,0,,,0,0,0,0,0,0,0,0,,,0,0,0,0
1415153636.99572,public,part,6,12000000,0,0,2000000,0,0,0,2000000,0,79007,327715,0,0,,,,
1415153636.99572,public,supplier,4,400000,0,0,100000,0,0,0,100000,0,2312,15648,0,0,,,,
1415153636.99572,pg_catalog,pg_amproc,298,596,103712,162692,0,0,0,0,0,0,1381,101047,3589,228562,,,,
1415153636.99572,pg_catalog,pg_collation,0,0,0,0,0,0,0,0,0,0,0,0,0,0,,,,
1415153636.99572,pg_catalog,pg_range,0,0,5328,0,0,0,0,0,0,0,0,0,3138,7518,,,,
1415153636.99572,pg_toast,pg_toast_2609,0,0,0,0,0,0,0,0,0,0,0,0,0,0,,,,
1415153636.99572,pg_catalog,pg_opclass,298,298,142173,1619119,0,0,0,0,0,0,3060,638323,5003,172459,,,,
1415153636.99572,pg_toast,pg_toast_11752,0,0,0,0,0,0,0,0,0,0,0,0,0,0,,,,
1415153636.99572,pg_catalog,pg_rewrite,0,0,8128,6970,386,0,386,0,110,22,3125,6890,1591,12279,1856,3202,1202,12198
1415153636.99572,pg_toast,pg_toast_1255,0,0,0,0,0,0,0,0,0,0,0,0,0,0,,,,
1415153636.99572,pg_catalog,pg_seclabel,0,0,2885,0,0,0,0,0,0,0,0,0,282,2603,0,0,0,0
1415153636.99572,information_schema,sql_languages,0,0,,,0,0,0,0,0,0,0,0,,,0,0,0,0
1415153636.99572,public,nation,2,50,0,0,25,0,0,0,25,0,1,3,0,0,,,,
1415153636.99572,pg_catalog,pg_ts_parser,0,0,0,0,0,0,0,0,0,0,0,0,0,0,,,,
1415153636.99572,pg_catalog,pg_trigger,0,0,0,0,0,0,0,0,0,0,0,0,0,0,0,0,0,0
1415153636.99572,pg_catalog,pg_shseclabel,0,0,0,0,0,0,0,0,0,0,0,0,0,0,,,,
1415153636.99572,pg_catalog,pg_event_trigger,0,0,1114,0,0,0,0,0,0,0,0,0,297,817,,,,
1415153636.99572,pg_toast,pg_toast_11742,0,0,0,0,0,0,0,0,0,0,0,0,0,0,,,,
1415153636.99572,pg_catalog,pg_foreign_table,0,0,0,0,0,0,0,0,0,0,0,0,0,0,,,,
1415153636.99572,information_schema,sql_sizing_profiles,0,0,,,0,0,0,0,0,0,0,0,,,0,0,0,0
1415153636.99572,pg_catalog,pg_extension,0,0,0,0,0,0,0,0,0,0,0,0,0,0,,,,
1415153636.99572,pg_catalog,pg_ts_config,0,0,0,0,0,0,0,0,0,0,0,0,0,0,,,,
1415153636.99572,pg_catalog,pg_shdescription,0,0,0,0,0,0,0,0,0,0,0,0,0,0,0,0,0,0
1415153636.99572,public,partsupp,3,24000000,0,0,8000000,0,0,0,8000000,0,340611,954509,0,0,,,,
1415153636.99572,pg_catalog,pg_cast,0,0,774672,188246,0,0,0,0,0,0,2195,186051,2021,795948,,,,
1415153636.99572,pg_catalog,pg_amop,0,0,213226,308093,0,0,0,0,0,0,4077,304016,7450,448437,,,,
1415153636.99572,public,customer,6,9000000,0,0,1500000,0,0,0,1500000,0,68533,294857,0,0,,,,
1415153636.99572,pg_catalog,pg_user_mapping,0,0,0,0,0,0,0,0,0,0,0,0,0,0,,,,
1415153636.99572,pg_catalog,pg_type,0,0,564080,559034,1326,0,1307,0,360,107,6076,558735,8248,1155729,,,,
1415153636.99572,pg_catalog,pg_largeobject,0,0,0,0,0,0,0,0,0,0,0,0,0,0,,,,
1415153636.99572,pg_catalog,pg_ts_config_map,0,0,0,0,0,0,0,0,0,0,0,0,0,0,,,,
1415153636.99572,pg_catalog,pg_largeobject_metadata,0,0,0,0,0,0,0,0,0,0,0,0,0,0,,,,
1415153636.99572,pg_catalog,pg_am,25189,25189,0,0,0,0,0,0,0,0,1164,24025,0,0,,,,
1415153636.99572,pg_toast,pg_toast_11722,0,0,0,0,0,0,0,0,0,0,0,0,0,0,,,,
1415153636.99572,pg_catalog,pg_ts_template,0,0,0,0,0,0,0,0,0,0,0,0,0,0,,,,
1415153636.99572,pg_catalog,pg_foreign_server,0,0,0,0,0,0,0,0,0,0,0,0,0,0,,,,
1415153636.99572,pg_catalog,pg_namespace,2018,30154,139683,115776,36,0,0,0,36,0,1060,116825,3090,162997,,,,
1415153636.99572,pg_toast,pg_toast_2619,0,0,81807,272729,2986,0,2814,0,182,16,25821,106851,1721,173814,,,,
1415153636.99572,pg_catalog,pg_authid,911,911,47992,47992,0,0,0,0,0,0,1004,47899,4147,91837,,,,
1415153636.99572,pg_catalog,pg_default_acl,0,0,2676,0,0,0,0,0,0,0,0,0,281,2395,,,,
1415153636.99572,public,orders,0,0,,,15000000,0,0,0,15000000,0,253333,543656,,,,,,
1415153636.99572,pg_catalog,pg_shdepend,0,0,3592,706,0,0,0,0,0,0,297,409,1173,3749,,,,
1415153636.99572,pg_catalog,pg_constraint,0,0,182,88,94,0,88,0,8,32,53,514,96,930,0,0,0,0
1415153636.99572,pg_catalog,pg_index,5144,581050,255527,365273,462,0,445,0,132,0,5719,351302,4723,292048,,,,
1415153636.99572,pg_catalog,pg_ts_dict,0,0,0,0,0,0,0,0,0,0,0,0,0,0,,,,
1415153636.99572,pg_toast,pg_toast_2604,0,0,0,0,0,0,0,0,0,0,0,0,0,0,,,,
1415153636.99572,pg_toast,pg_toast_11732,0,0,0,0,0,0,0,0,0,0,0,0,0,0,,,,
1415153636.99572,pg_catalog,pg_proc,0,0,227237,336123,0,0,0,0,0,0,23949,226784,15341,485075,0,0,0,0
1415153696.99658,pg_catalog,pg_attrdef,0,0,0,0,0,0,0,0,0,0,0,0,0,0,0,0,0,0
1415153696.99658,pg_catalog,pg_db_role_setting,0,0,102344,0,0,0,0,0,0,0,0,0,1188,101156,0,0,0,0
1415153696.99658,pg_catalog,pg_rowsecurity,0,0,0,0,0,0,0,0,0,0,0,0,0,0,,,,
1415153696.99658,pg_catalog,pg_description,0,0,2885,0,0,0,0,0,0,0,0,0,861,5568,0,0,0,0
1415153696.99658,pg_catalog,pg_foreign_data_wrapper,0,0,0,0,0,0,0,0,0,0,0,0,0,0,,,,
1415153696.99658,pg_catalog,pg_conversion,0,0,0,0,0,0,0,0,0,0,0,0,0,0,,,,
1415153696.99658,information_schema,sql_features,0,0,,,0,0,0,0,0,0,0,0,,,0,0,0,0
1415153696.99658,public,lineitem,0,0,,,0,0,0,0,0,0,0,0,,,,,,
1415153696.99658,public,time_statistics,0,0,,,1,0,0,0,1,0,1,0,,,,,,
1415153696.99658,pg_catalog,pg_class,10081,2514404,684628,635657,1134,402,1104,384,329,0,12908,725182,12012,1418198,,,,
1415153696.99658,pg_catalog,pg_opfamily,0,0,0,0,0,0,0,0,0,0,0,0,0,0,,,,
1415153696.99658,pg_catalog,pg_auth_members,0,0,0,0,0,0,0,0,0,0,0,0,0,0,,,,
1415153696.99658,pg_catalog,pg_operator,0,0,181845,910789,0,0,0,0,0,0,12829,625173,9361,390311,,,,
1415153696.99658,information_schema,sql_packages,0,0,,,0,0,0,0,0,0,0,0,,,0,0,0,0
1415153696.99658,pg_catalog,pg_attribute,1639,11175,524042,1128163,4172,118,4008,89,2500,462,20990,573239,8088,1084997,,,,
1415153696.99658,pg_catalog,pg_tablespace,2,4,17793,17793,0,0,0,0,0,0,1150,16645,2332,33322,,,,
1415153696.99658,pg_catalog,pg_statistic,0,0,135296,128474,910,2570,863,2128,448,100,14078,121794,3637,287849,25821,106920,1721,173915
1415153696.99658,pg_catalog,pg_aggregate,0,0,12418,12418,0,0,0,0,0,0,1513,10905,3278,18465,,,,
1415153696.99658,pg_catalog,pg_inherits,0,0,659,0,0,0,0,0,0,0,0,0,297,362,,,,
1415153696.99658,information_schema,sql_sizing,0,0,,,0,0,0,0,0,0,0,0,,,0,0,0,0
1415153696.99658,pg_catalog,pg_enum,0,0,0,0,0,0,0,0,0,0,0,0,0,0,,,,
1415153696.99658,pg_toast,pg_toast_2396,0,0,0,0,0,0,0,0,0,0,0,0,0,0,,,,
1415153696.99658,pg_catalog,pg_pltemplate,0,0,0,0,0,0,0,0,0,0,0,0,0,0,,,,
1415153696.99658,pg_toast,pg_toast_2618,0,0,4174,13342,0,0,0,0,0,0,1856,3207,601,6105,,,,
1415153696.99658,pg_toast,pg_toast_3596,0,0,0,0,0,0,0,0,0,0,0,0,0,0,,,,
1415153696.99658,pg_toast,pg_toast_11747,0,0,0,0,0,0,0,0,0,0,0,0,0,0,,,,
1415153696.99658,pg_toast,pg_toast_11727,0,0,0,0,0,0,0,0,0,0,0,0,0,0,,,,
1415153696.99658,pg_toast,pg_toast_2606,0,0,0,0,0,0,0,0,0,0,0,0,0,0,,,,
1415153696.99658,pg_toast,pg_toast_2964,0,0,0,0,0,0,0,0,0,0,0,0,0,0,,,,
1415153696.99658,pg_catalog,pg_database,2529,9846,85981,85979,1,0,0,0,1,0,836,87673,5055,132055,,,,
1415153696.99658,information_schema,sql_parts,0,0,,,0,0,0,0,0,0,0,0,,,0,0,0,0
1415153696.99658,pg_toast,pg_toast_2620,0,0,0,0,0,0,0,0,0,0,0,0,0,0,,,,
1415153696.99658,public,region,2,10,0,0,5,0,0,0,5,0,1,3,0,0,,,,
1415153696.99658,pg_toast,pg_toast_11737,0,0,0,0,0,0,0,0,0,0,0,0,0,0,,,,
1415153696.99658,pg_catalog,pg_depend,0,0,27673,30036,5159,0,5090,0,6664,955,4684,35041,7105,71901,,,,
1415153696.99658,pg_catalog,pg_language,0,0,0,0,0,0,0,0,0,0,0,0,0,0,,,,
1415153696.99658,information_schema,sql_implementation_info,0,0,,,0,0,0,0,0,0,0,0,,,0,0,0,0
1415153696.99658,public,part,6,12000000,0,0,2000000,0,0,0,2000000,0,79007,327715,0,0,,,,
1415153696.99658,public,supplier,4,400000,0,0,100000,0,0,0,100000,0,2312,15648,0,0,,,,
1415153696.99658,pg_catalog,pg_amproc,298,596,103738,162734,0,0,0,0,0,0,1381,101072,3589,228621,,,,
1415153696.99658,pg_catalog,pg_collation,0,0,0,0,0,0,0,0,0,0,0,0,0,0,,,,
1415153696.99658,pg_catalog,pg_range,0,0,5328,0,0,0,0,0,0,0,0,0,3138,7518,,,,
1415153696.99658,pg_toast,pg_toast_2609,0,0,0,0,0,0,0,0,0,0,0,0,0,0,,,,
1415153696.99658,pg_catalog,pg_opclass,298,298,142214,1619676,0,0,0,0,0,0,3060,638508,5003,172513,,,,
1415153696.99658,pg_toast,pg_toast_11752,0,0,0,0,0,0,0,0,0,0,0,0,0,0,,,,
1415153696.99658,pg_catalog,pg_rewrite,0,0,8133,6975,386,0,386,0,110,22,3125,6895,1591,12287,1856,3207,1202,12210
1415153696.99658,pg_toast,pg_toast_1255,0,0,0,0,0,0,0,0,0,0,0,0,0,0,,,,
1415153696.99658,pg_catalog,pg_seclabel,0,0,2885,0,0,0,0,0,0,0,0,0,282,2603,0,0,0,0
1415153696.99658,information_schema,sql_languages,0,0,,,0,0,0,0,0,0,0,0,,,0,0,0,0
1415153696.99658,public,nation,2,50,0,0,25,0,0,0,25,0,1,3,0,0,,,,
1415153696.99658,pg_catalog,pg_ts_parser,0,0,0,0,0,0,0,0,0,0,0,0,0,0,,,,
1415153696.99658,pg_catalog,pg_trigger,0,0,0,0,0,0,0,0,0,0,0,0,0,0,0,0,0,0
1415153696.99658,pg_catalog,pg_shseclabel,0,0,0,0,0,0,0,0,0,0,0,0,0,0,,,,
1415153696.99658,pg_catalog,pg_event_trigger,0,0,1117,0,0,0,0,0,0,0,0,0,297,820,,,,
1415153696.99658,pg_toast,pg_toast_11742,0,0,0,0,0,0,0,0,0,0,0,0,0,0,,,,
1415153696.99658,pg_catalog,pg_foreign_table,0,0,0,0,0,0,0,0,0,0,0,0,0,0,,,,
1415153696.99658,information_schema,sql_sizing_profiles,0,0,,,0,0,0,0,0,0,0,0,,,0,0,0,0
1415153696.99658,pg_catalog,pg_extension,0,0,0,0,0,0,0,0,0,0,0,0,0,0,,,,
1415153696.99658,pg_catalog,pg_ts_config,0,0,0,0,0,0,0,0,0,0,0,0,0,0,,,,
1415153696.99658,pg_catalog,pg_shdescription,0,0,0,0,0,0,0,0,0,0,0,0,0,0,0,0,0,0
1415153696.99658,public,partsupp,3,24000000,0,0,8000000,0,0,0,8000000,0,340611,954509,0,0,,,,
1415153696.99658,pg_catalog,pg_cast,0,0,774829,188295,0,0,0,0,0,0,2195,186100,2021,796112,,,,
1415153696.99658,pg_catalog,pg_amop,0,0,213263,308135,0,0,0,0,0,0,4077,304058,7450,448517,,,,
1415153696.99658,public,customer,6,9000000,0,0,1500000,0,0,0,1500000,0,68533,294857,0,0,,,,
1415153696.99658,pg_catalog,pg_user_mapping,0,0,0,0,0,0,0,0,0,0,0,0,0,0,,,,
1415153696.99658,pg_catalog,pg_type,0,0,564147,559101,1326,0,1307,0,360,107,6076,558802,8248,1155870,,,,
1415153696.99658,pg_catalog,pg_largeobject,0,0,0,0,0,0,0,0,0,0,0,0,0,0,,,,
1415153696.99658,pg_catalog,pg_ts_config_map,0,0,0,0,0,0,0,0,0,0,0,0,0,0,,,,
1415153696.99658,pg_catalog,pg_largeobject_metadata,0,0,0,0,0,0,0,0,0,0,0,0,0,0,,,,
1415153696.99658,pg_catalog,pg_am,25199,25199,0,0,0,0,0,0,0,0,1164,24035,0,0,,,,
1415153696.99658,pg_toast,pg_toast_11722,0,0,0,0,0,0,0,0,0,0,0,0,0,0,,,,
1415153696.99658,pg_catalog,pg_ts_template,0,0,0,0,0,0,0,0,0,0,0,0,0,0,,,,
1415153696.99658,pg_catalog,pg_foreign_server,0,0,0,0,0,0,0,0,0,0,0,0,0,0,,,,
1415153696.99658,pg_catalog,pg_namespace,2020,30238,139833,115919,36,0,0,0,36,0,1060,116970,3090,163157,,,,
1415153696.99658,pg_toast,pg_toast_2619,0,0,81819,272733,3023,0,2814,0,219,16,25821,106920,1721,173915,,,,
1415153696.99658,pg_catalog,pg_authid,912,912,48010,48010,0,0,0,0,0,0,1004,47918,4147,91873,,,,
1415153696.99658,pg_catalog,pg_default_acl,0,0,2676,0,0,0,0,0,0,0,0,0,281,2395,,,,
1415153696.99658,public,orders,4,60000000,0,0,15000000,0,0,0,15000000,0,504554,1558780,0,0,,,,
1415153696.99658,pg_catalog,pg_shdepend,0,0,3592,706,0,0,0,0,0,0,297,409,1173,3749,,,,
1415153696.99658,pg_catalog,pg_constraint,0,0,183,88,95,0,88,0,9,32,53,518,96,939,0,0,0,0
1415153696.99658,pg_catalog,pg_index,5149,581710,255603,365378,465,0,445,0,135,0,5719,351427,4723,292144,,,,
1415153696.99658,pg_catalog,pg_ts_dict,0,0,0,0,0,0,0,0,0,0,0,0,0,0,,,,
1415153696.99658,pg_toast,pg_toast_2604,0,0,0,0,0,0,0,0,0,0,0,0,0,0,,,,
1415153696.99658,pg_toast,pg_toast_11732,0,0,0,0,0,0,0,0,0,0,0,0,0,0,,,,
1415153696.99658,pg_catalog,pg_proc,0,0,227303,336210,0,0,0,0,0,0,23949,226862,15341,485213,0,0,0,0
1415153757.00399,pg_catalog,pg_attrdef,0,0,0,0,0,0,0,0,0,0,0,0,0,0,0,0,0,0
1415153757.00399,pg_catalog,pg_db_role_setting,0,0,102372,0,0,0,0,0,0,0,0,0,1188,101184,0,0,0,0
1415153757.00399,pg_catalog,pg_rowsecurity,0,0,0,0,0,0,0,0,0,0,0,0,0,0,,,,
1415153757.00399,pg_catalog,pg_description,0,0,2885,0,0,0,0,0,0,0,0,0,861,5568,0,0,0,0
1415153757.00399,pg_catalog,pg_foreign_data_wrapper,0,0,0,0,0,0,0,0,0,0,0,0,0,0,,,,
1415153757.00399,pg_catalog,pg_conversion,0,0,0,0,0,0,0,0,0,0,0,0,0,0,,,,
1415153757.00399,information_schema,sql_features,0,0,,,0,0,0,0,0,0,0,0,,,0,0,0,0
1415153757.00399,public,lineitem,0,0,,,0,0,0,0,0,0,0,0,,,,,,
1415153757.00399,public,time_statistics,0,0,,,1,0,0,0,1,0,1,0,,,,,,
1415153757.00399,pg_catalog,pg_class,10091,2517382,684962,635985,1134,402,1104,384,329,0,12908,725621,12012,1418882,,,,
1415153757.00399,pg_catalog,pg_opfamily,0,0,0,0,0,0,0,0,0,0,0,0,0,0,,,,
1415153757.00399,pg_catalog,pg_auth_members,0,0,0,0,0,0,0,0,0,0,0,0,0,0,,,,
1415153757.00399,pg_catalog,pg_operator,0,0,181862,910806,0,0,0,0,0,0,12829,625190,9361,390353,,,,
1415153757.00399,information_schema,sql_packages,0,0,,,0,0,0,0,0,0,0,0,,,0,0,0,0
1415153757.00399,pg_catalog,pg_attribute,1639,11175,524248,1128501,4172,118,4008,89,2500,462,20990,573452,8088,1085417,,,,
1415153757.00399,pg_catalog,pg_tablespace,2,4,17798,17798,0,0,0,0,0,0,1150,16650,2332,33332,,,,
1415153757.00399,pg_catalog,pg_statistic,0,0,135321,128493,910,2570,863,2128,448,100,14078,121813,3637,287904,25821,106926,1721,173924
1415153757.00399,pg_catalog,pg_aggregate,0,0,12419,12419,0,0,0,0,0,0,1513,10906,3278,18467,,,,
1415153757.00399,pg_catalog,pg_inherits,0,0,659,0,0,0,0,0,0,0,0,0,297,362,,,,
1415153757.00399,information_schema,sql_sizing,0,0,,,0,0,0,0,0,0,0,0,,,0,0,0,0
1415153757.00399,pg_catalog,pg_enum,0,0,0,0,0,0,0,0,0,0,0,0,0,0,,,,
1415153757.00399,pg_toast,pg_toast_2396,0,0,0,0,0,0,0,0,0,0,0,0,0,0,,,,
1415153757.00399,pg_catalog,pg_pltemplate,0,0,0,0,0,0,0,0,0,0,0,0,0,0,,,,
1415153757.00399,pg_toast,pg_toast_2618,0,0,4179,13358,0,0,0,0,0,0,1856,3213,601,6113,,,,
1415153757.00399,pg_toast,pg_toast_3596,0,0,0,0,0,0,0,0,0,0,0,0,0,0,,,,
1415153757.00399,pg_toast,pg_toast_11747,0,0,0,0,0,0,0,0,0,0,0,0,0,0,,,,
1415153757.00399,pg_toast,pg_toast_11727,0,0,0,0,0,0,0,0,0,0,0,0,0,0,,,,
1415153757.00399,pg_toast,pg_toast_2606,0,0,0,0,0,0,0,0,0,0,0,0,0,0,,,,
1415153757.00399,pg_toast,pg_toast_2964,0,0,0,0,0,0,0,0,0,0,0,0,0,0,,,,
1415153757.00399,pg_catalog,pg_database,2532,9858,86010,86008,1,0,0,0,1,0,836,87705,5055,132098,,,,
1415153757.00399,information_schema,sql_parts,0,0,,,0,0,0,0,0,0,0,0,,,0,0,0,0
1415153757.00399,pg_toast,pg_toast_2620,0,0,0,0,0,0,0,0,0,0,0,0,0,0,,,,
1415153757.00399,public,region,2,10,0,0,5,0,0,0,5,0,1,3,0,0,,,,
1415153757.00399,pg_toast,pg_toast_11737,0,0,0,0,0,0,0,0,0,0,0,0,0,0,,,,
1415153757.00399,pg_catalog,pg_depend,0,0,27673,30036,5159,0,5090,0,6664,955,4684,35041,7105,71901,,,,
1415153757.00399,pg_catalog,pg_language,0,0,0,0,0,0,0,0,0,0,0,0,0,0,,,,
1415153757.00399,information_schema,sql_implementation_info,0,0,,,0,0,0,0,0,0,0,0,,,0,0,0,0
1415153757.00399,public,part,6,12000000,0,0,2000000,0,0,0,2000000,0,79007,327715,0,0,,,,
1415153757.00399,public,supplier,4,400000,0,0,100000,0,0,0,100000,0,2312,15648,0,0,,,,
1415153757.00399,pg_catalog,pg_amproc,298,596,103755,162761,0,0,0,0,0,0,1381,101089,3589,228661,,,,
1415153757.00399,pg_catalog,pg_collation,0,0,0,0,0,0,0,0,0,0,0,0,0,0,,,,
1415153757.00399,pg_catalog,pg_range,0,0,5328,0,0,0,0,0,0,0,0,0,3138,7518,,,,
1415153757.00399,pg_toast,pg_toast_2609,0,0,0,0,0,0,0,0,0,0,0,0,0,0,,,,
1415153757.00399,pg_catalog,pg_opclass,298,298,142232,1619861,0,0,0,0,0,0,3060,638578,5003,172540,,,,
1415153757.00399,pg_toast,pg_toast_11752,0,0,0,0,0,0,0,0,0,0,0,0,0,0,,,,
1415153757.00399,pg_catalog,pg_rewrite,0,0,8140,6982,386,0,386,0,110,22,3125,6902,1591,12299,1856,3213,1202,12226
1415153757.00399,pg_toast,pg_toast_1255,0,0,0,0,0,0,0,0,0,0,0,0,0,0,,,,
1415153757.00399,pg_catalog,pg_seclabel,0,0,2885,0,0,0,0,0,0,0,0,0,282,2603,0,0,0,0
1415153757.00399,information_schema,sql_languages,0,0,,,0,0,0,0,0,0,0,0,,,0,0,0,0
1415153757.00399,public,nation,2,50,0,0,25,0,0,0,25,0,1,3,0,0,,,,
1415153757.00399,pg_catalog,pg_ts_parser,0,0,0,0,0,0,0,0,0,0,0,0,0,0,,,,
1415153757.00399,pg_catalog,pg_trigger,0,0,0,0,0,0,0,0,0,0,0,0,0,0,0,0,0,0
1415153757.00399,pg_catalog,pg_shseclabel,0,0,0,0,0,0,0,0,0,0,0,0,0,0,,,,
1415153757.00399,pg_catalog,pg_event_trigger,0,0,1117,0,0,0,0,0,0,0,0,0,297,820,,,,
1415153757.00399,pg_toast,pg_toast_11742,0,0,0,0,0,0,0,0,0,0,0,0,0,0,,,,
1415153757.00399,pg_catalog,pg_foreign_table,0,0,0,0,0,0,0,0,0,0,0,0,0,0,,,,
1415153757.00399,information_schema,sql_sizing_profiles,0,0,,,0,0,0,0,0,0,0,0,,,0,0,0,0
1415153757.00399,pg_catalog,pg_extension,0,0,0,0,0,0,0,0,0,0,0,0,0,0,,,,
1415153757.00399,pg_catalog,pg_ts_config,0,0,0,0,0,0,0,0,0,0,0,0,0,0,,,,
1415153757.00399,pg_catalog,pg_shdescription,0,0,0,0,0,0,0,0,0,0,0,0,0,0,0,0,0,0
1415153757.00399,public,partsupp,3,24000000,0,0,8000000,0,0,0,8000000,0,340611,954509,0,0,,,,
1415153757.00399,pg_catalog,pg_cast,0,0,774898,188323,0,0,0,0,0,0,2195,186128,2021,796186,,,,
1415153757.00399,pg_catalog,pg_amop,0,0,213296,308176,0,0,0,0,0,0,4077,304099,7450,448591,,,,
1415153757.00399,public,customer,6,9000000,0,0,1500000,0,0,0,1500000,0,68533,294857,0,0,,,,
1415153757.00399,pg_catalog,pg_user_mapping,0,0,0,0,0,0,0,0,0,0,0,0,0,0,,,,
1415153757.00399,pg_catalog,pg_type,0,0,564239,559193,1326,0,1307,0,360,107,6076,558894,8248,1156059,,,,
1415153757.00399,pg_catalog,pg_largeobject,0,0,0,0,0,0,0,0,0,0,0,0,0,0,,,,
1415153757.00399,pg_catalog,pg_ts_config_map,0,0,0,0,0,0,0,0,0,0,0,0,0,0,,,,
1415153757.00399,pg_catalog,pg_largeobject_metadata,0,0,0,0,0,0,0,0,0,0,0,0,0,0,,,,
1415153757.00399,pg_catalog,pg_am,25205,25205,0,0,0,0,0,0,0,0,1164,24041,0,0,,,,
1415153757.00399,pg_toast,pg_toast_11722,0,0,0,0,0,0,0,0,0,0,0,0,0,0,,,,
1415153757.00399,pg_catalog,pg_ts_template,0,0,0,0,0,0,0,0,0,0,0,0,0,0,,,,
1415153757.00399,pg_catalog,pg_foreign_server,0,0,0,0,0,0,0,0,0,0,0,0,0,0,,,,
1415153757.00399,pg_catalog,pg_namespace,2022,30322,139983,116064,36,0,0,0,36,0,1060,117117,3090,163314,,,,
1415153757.00399,pg_toast,pg_toast_2619,0,0,81822,272739,3023,0,2814,0,219,16,25821,106926,1721,173924,,,,
1415153757.00399,pg_catalog,pg_authid,913,913,48020,48020,0,0,0,0,0,0,1004,47929,4147,91893,,,,
1415153757.00399,pg_catalog,pg_default_acl,0,0,2676,0,0,0,0,0,0,0,0,0,281,2395,,,,
1415153757.00399,public,orders,4,60000000,0,0,15000000,0,0,0,15000000,0,504554,1558780,0,0,,,,
1415153757.00399,pg_catalog,pg_shdepend,0,0,3592,706,0,0,0,0,0,0,297,409,1173,3749,,,,
1415153757.00399,pg_catalog,pg_constraint,0,0,183,88,95,0,88,0,9,32,53,518,96,939,0,0,0,0
1415153757.00399,pg_catalog,pg_index,5154,582385,255647,365435,465,0,445,0,135,0,5719,351506,4723,292199,,,,
1415153757.00399,pg_catalog,pg_ts_dict,0,0,0,0,0,0,0,0,0,0,0,0,0,0,,,,
1415153757.00399,pg_toast,pg_toast_2604,0,0,0,0,0,0,0,0,0,0,0,0,0,0,,,,
1415153757.00399,pg_toast,pg_toast_11732,0,0,0,0,0,0,0,0,0,0,0,0,0,0,,,,
1415153757.00399,pg_catalog,pg_proc,0,0,227381,336323,0,0,0,0,0,0,23949,226960,15341,485379,0,0,0,0
1415153817.0102,pg_catalog,pg_attrdef,0,0,0,0,0,0,0,0,0,0,0,0,0,0,0,0,0,0
1415153817.0102,pg_catalog,pg_db_role_setting,0,0,102400,0,0,0,0,0,0,0,0,0,1188,101212,0,0,0,0
1415153817.0102,pg_catalog,pg_rowsecurity,0,0,0,0,0,0,0,0,0,0,0,0,0,0,,,,
1415153817.0102,pg_catalog,pg_description,0,0,2885,0,0,0,0,0,0,0,0,0,861,5568,0,0,0,0
1415153817.0102,pg_catalog,pg_foreign_data_wrapper,0,0,0,0,0,0,0,0,0,0,0,0,0,0,,,,
1415153817.0102,pg_catalog,pg_conversion,0,0,0,0,0,0,0,0,0,0,0,0,0,0,,,,
1415153817.0102,information_schema,sql_features,0,0,,,0,0,0,0,0,0,0,0,,,0,0,0,0
1415153817.0102,public,lineitem,0,0,,,0,0,0,0,0,0,0,0,,,,,,
1415153817.0102,public,time_statistics,0,0,,,1,0,0,0,1,0,1,0,,,,,,
1415153817.0102,pg_catalog,pg_class,10101,2520360,685296,636313,1134,402,1104,384,329,0,12908,726060,12012,1419566,,,,
1415153817.0102,pg_catalog,pg_opfamily,0,0,0,0,0,0,0,0,0,0,0,0,0,0,,,,
1415153817.0102,pg_catalog,pg_auth_members,0,0,0,0,0,0,0,0,0,0,0,0,0,0,,,,
1415153817.0102,pg_catalog,pg_operator,0,0,181879,910823,0,0,0,0,0,0,12829,625207,9361,390395,,,,
1415153817.0102,information_schema,sql_packages,0,0,,,0,0,0,0,0,0,0,0,,,0,0,0,0
1415153817.0102,pg_catalog,pg_attribute,1639,11175,524454,1128839,4172,118,4008,89,2500,462,20990,573665,8088,1085837,,,,
1415153817.0102,pg_catalog,pg_tablespace,2,4,17803,17803,0,0,0,0,0,0,1150,16655,2332,33342,,,,
1415153817.0102,pg_catalog,pg_statistic,0,0,135346,128512,910,2570,863,2128,448,100,14078,121832,3637,287959,25821,106932,1721,173933
1415153817.0102,pg_catalog,pg_aggregate,0,0,12420,12420,0,0,0,0,0,0,1513,10907,3278,18469,,,,
1415153817.0102,pg_catalog,pg_inherits,0,0,659,0,0,0,0,0,0,0,0,0,297,362,,,,
1415153817.0102,information_schema,sql_sizing,0,0,,,0,0,0,0,0,0,0,0,,,0,0,0,0
1415153817.0102,pg_catalog,pg_enum,0,0,0,0,0,0,0,0,0,0,0,0,0,0,,,,
1415153817.0102,pg_toast,pg_toast_2396,0,0,0,0,0,0,0,0,0,0,0,0,0,0,,,,
1415153817.0102,pg_catalog,pg_pltemplate,0,0,0,0,0,0,0,0,0,0,0,0,0,0,,,,
1415153817.0102,pg_toast,pg_toast_2618,0,0,4184,13374,0,0,0,0,0,0,1856,3219,601,6121,,,,
1415153817.0102,pg_toast,pg_toast_3596,0,0,0,0,0,0,0,0,0,0,0,0,0,0,,,,
1415153817.0102,pg_toast,pg_toast_11747,0,0,0,0,0,0,0,0,0,0,0,0,0,0,,,,
1415153817.0102,pg_toast,pg_toast_11727,0,0,0,0,0,0,0,0,0,0,0,0,0,0,,,,
1415153817.0102,pg_toast,pg_toast_2606,0,0,0,0,0,0,0,0,0,0,0,0,0,0,,,,
1415153817.0102,pg_toast,pg_toast_2964,0,0,0,0,0,0,0,0,0,0,0,0,0,0,,,,
1415153817.0102,pg_catalog,pg_database,2535,9870,86038,86036,1,0,0,0,1,0,836,87736,5055,132140,,,,
1415153817.0102,information_schema,sql_parts,0,0,,,0,0,0,0,0,0,0,0,,,0,0,0,0
1415153817.0102,pg_toast,pg_toast_2620,0,0,0,0,0,0,0,0,0,0,0,0,0,0,,,,
1415153817.0102,public,region,2,10,0,0,5,0,0,0,5,0,1,3,0,0,,,,
1415153817.0102,pg_toast,pg_toast_11737,0,0,0,0,0,0,0,0,0,0,0,0,0,0,,,,
1415153817.0102,pg_catalog,pg_depend,0,0,27673,30036,5159,0,5090,0,6664,955,4684,35041,7105,71901,,,,
1415153817.0102,pg_catalog,pg_language,0,0,0,0,0,0,0,0,0,0,0,0,0,0,,,,
1415153817.0102,information_schema,sql_implementation_info,0,0,,,0,0,0,0,0,0,0,0,,,0,0,0,0
1415153817.0102,public,part,6,12000000,0,0,2000000,0,0,0,2000000,0,79007,327715,0,0,,,,
1415153817.0102,public,supplier,4,400000,0,0,100000,0,0,0,100000,0,2312,15648,0,0,,,,
1415153817.0102,pg_catalog,pg_amproc,298,596,103772,162788,0,0,0,0,0,0,1381,101106,3589,228701,,,,
1415153817.0102,pg_catalog,pg_collation,0,0,0,0,0,0,0,0,0,0,0,0,0,0,,,,
1415153817.0102,pg_catalog,pg_range,0,0,5328,0,0,0,0,0,0,0,0,0,3138,7518,,,,
1415153817.0102,pg_toast,pg_toast_2609,0,0,0,0,0,0,0,0,0,0,0,0,0,0,,,,
1415153817.0102,pg_catalog,pg_opclass,298,298,142250,1620046,0,0,0,0,0,0,3060,638648,5003,172567,,,,
1415153817.0102,pg_toast,pg_toast_11752,0,0,0,0,0,0,0,0,0,0,0,0,0,0,,,,
1415153817.0102,pg_catalog,pg_rewrite,0,0,8147,6989,386,0,386,0,110,22,3125,6909,1591,12311,1856,3219,1202,12242
1415153817.0102,pg_toast,pg_toast_1255,0,0,0,0,0,0,0,0,0,0,0,0,0,0,,,,
1415153817.0102,pg_catalog,pg_seclabel,0,0,2885,0,0,0,0,0,0,0,0,0,282,2603,0,0,0,0
1415153817.0102,information_schema,sql_languages,0,0,,,0,0,0,0,0,0,0,0,,,0,0,0,0
1415153817.0102,public,nation,2,50,0,0,25,0,0,0,25,0,1,3,0,0,,,,
1415153817.0102,pg_catalog,pg_ts_parser,0,0,0,0,0,0,0,0,0,0,0,0,0,0,,,,
1415153817.0102,pg_catalog,pg_trigger,0,0,0,0,0,0,0,0,0,0,0,0,0,0,0,0,0,0
1415153817.0102,pg_catalog,pg_shseclabel,0,0,0,0,0,0,0,0,0,0,0,0,0,0,,,,
1415153817.0102,pg_catalog,pg_event_trigger,0,0,1117,0,0,0,0,0,0,0,0,0,297,820,,,,
1415153817.0102,pg_toast,pg_toast_11742,0,0,0,0,0,0,0,0,0,0,0,0,0,0,,,,
1415153817.0102,pg_catalog,pg_foreign_table,0,0,0,0,0,0,0,0,0,0,0,0,0,0,,,,
1415153817.0102,information_schema,sql_sizing_profiles,0,0,,,0,0,0,0,0,0,0,0,,,0,0,0,0
1415153817.0102,pg_catalog,pg_extension,0,0,0,0,0,0,0,0,0,0,0,0,0,0,,,,
1415153817.0102,pg_catalog,pg_ts_config,0,0,0,0,0,0,0,0,0,0,0,0,0,0,,,,
1415153817.0102,pg_catalog,pg_shdescription,0,0,0,0,0,0,0,0,0,0,0,0,0,0,0,0,0,0
1415153817.0102,public,partsupp,3,24000000,0,0,8000000,0,0,0,8000000,0,340611,954509,0,0,,,,
1415153817.0102,pg_catalog,pg_cast,0,0,774967,188351,0,0,0,0,0,0,2195,186156,2021,796260,,,,
1415153817.0102,pg_catalog,pg_amop,0,0,213329,308217,0,0,0,0,0,0,4077,304140,7450,448665,,,,
1415153817.0102,public,customer,6,9000000,0,0,1500000,0,0,0,1500000,0,68533,294857,0,0,,,,
1415153817.0102,pg_catalog,pg_user_mapping,0,0,0,0,0,0,0,0,0,0,0,0,0,0,,,,
1415153817.0102,pg_catalog,pg_type,0,0,564331,559285,1326,0,1307,0,360,107,6076,558986,8248,1156248,,,,
1415153817.0102,pg_catalog,pg_largeobject,0,0,0,0,0,0,0,0,0,0,0,0,0,0,,,,
1415153817.0102,pg_catalog,pg_ts_config_map,0,0,0,0,0,0,0,0,0,0,0,0,0,0,,,,
1415153817.0102,pg_catalog,pg_largeobject_metadata,0,0,0,0,0,0,0,0,0,0,0,0,0,0,,,,
1415153817.0102,pg_catalog,pg_am,25211,25211,0,0,0,0,0,0,0,0,1164,24047,0,0,,,,
1415153817.0102,pg_toast,pg_toast_11722,0,0,0,0,0,0,0,0,0,0,0,0,0,0,,,,
1415153817.0102,pg_catalog,pg_ts_template,0,0,0,0,0,0,0,0,0,0,0,0,0,0,,,,
1415153817.0102,pg_catalog,pg_foreign_server,0,0,0,0,0,0,0,0,0,0,0,0,0,0,,,,
1415153817.0102,pg_catalog,pg_namespace,2024,30406,140133,116209,36,0,0,0,36,0,1060,117264,3090,163471,,,,
1415153817.0102,pg_toast,pg_toast_2619,0,0,81825,272745,3023,0,2814,0,219,16,25821,106932,1721,173933,,,,
1415153817.0102,pg_catalog,pg_authid,914,914,48030,48030,0,0,0,0,0,0,1004,47940,4147,91913,,,,
1415153817.0102,pg_catalog,pg_default_acl,0,0,2676,0,0,0,0,0,0,0,0,0,281,2395,,,,
1415153817.0102,public,orders,4,60000000,0,0,15000000,0,0,0,15000000,0,504554,1558780,0,0,,,,
1415153817.0102,pg_catalog,pg_shdepend,0,0,3592,706,0,0,0,0,0,0,297,409,1173,3749,,,,
1415153817.0102,pg_catalog,pg_constraint,0,0,183,88,95,0,88,0,9,32,53,518,96,939,0,0,0,0
1415153817.0102,pg_catalog,pg_index,5159,583060,255691,365492,465,0,445,0,135,0,5719,351585,4723,292254,,,,
1415153817.0102,pg_catalog,pg_ts_dict,0,0,0,0,0,0,0,0,0,0,0,0,0,0,,,,
1415153817.0102,pg_toast,pg_toast_2604,0,0,0,0,0,0,0,0,0,0,0,0,0,0,,,,
1415153817.0102,pg_toast,pg_toast_11732,0,0,0,0,0,0,0,0,0,0,0,0,0,0,,,,
1415153817.0102,pg_catalog,pg_proc,0,0,227459,336436,0,0,0,0,0,0,23949,227058,15341,485545,0,0,0,0
1415153877.0108,pg_catalog,pg_attrdef,0,0,0,0,0,0,0,0,0,0,0,0,0,0,0,0,0,0
1415153877.0108,pg_catalog,pg_db_role_setting,0,0,102460,0,0,0,0,0,0,0,0,0,1188,101272,0,0,0,0
1415153877.0108,pg_catalog,pg_rowsecurity,0,0,0,0,0,0,0,0,0,0,0,0,0,0,,,,
1415153877.0108,pg_catalog,pg_description,0,0,2885,0,0,0,0,0,0,0,0,0,861,5568,0,0,0,0
1415153877.0108,pg_catalog,pg_foreign_data_wrapper,0,0,0,0,0,0,0,0,0,0,0,0,0,0,,,,
1415153877.0108,pg_catalog,pg_conversion,0,0,0,0,0,0,0,0,0,0,0,0,0,0,,,,
1415153877.0108,information_schema,sql_features,0,0,,,0,0,0,0,0,0,0,0,,,0,0,0,0
1415153877.0108,public,lineitem,0,0,,,59986052,0,0,0,59986052,0,1065680,2307885,,,,,,
1415153877.0108,public,time_statistics,0,0,,,1,0,0,0,1,0,1,0,,,,,,
1415153877.0108,pg_catalog,pg_class,10111,2523338,685650,636660,1134,402,1104,384,329,0,12908,726518,12012,1420299,,,,
1415153877.0108,pg_catalog,pg_opfamily,0,0,0,0,0,0,0,0,0,0,0,0,0,0,,,,
1415153877.0108,pg_catalog,pg_auth_members,0,0,0,0,0,0,0,0,0,0,0,0,0,0,,,,
1415153877.0108,pg_catalog,pg_operator,0,0,181896,910840,0,0,0,0,0,0,12829,625224,9361,390437,,,,
1415153877.0108,information_schema,sql_packages,0,0,,,0,0,0,0,0,0,0,0,,,0,0,0,0
1415153877.0108,pg_catalog,pg_attribute,1639,11175,524677,1129233,4172,118,4008,89,2500,462,20990,573904,8088,1086299,,,,
1415153877.0108,pg_catalog,pg_tablespace,2,4,17808,17808,0,0,0,0,0,0,1150,16660,2332,33352,,,,
1415153877.0108,pg_catalog,pg_statistic,0,0,135371,128531,910,2570,863,2128,448,100,14078,121851,3637,288014,25821,106938,1721,173942
1415153877.0108,pg_catalog,pg_aggregate,0,0,12421,12421,0,0,0,0,0,0,1513,10908,3278,18471,,,,
1415153877.0108,pg_catalog,pg_inherits,0,0,659,0,0,0,0,0,0,0,0,0,297,362,,,,
1415153877.0108,information_schema,sql_sizing,0,0,,,0,0,0,0,0,0,0,0,,,0,0,0,0
1415153877.0108,pg_catalog,pg_enum,0,0,0,0,0,0,0,0,0,0,0,0,0,0,,,,
1415153877.0108,pg_toast,pg_toast_2396,0,0,0,0,0,0,0,0,0,0,0,0,0,0,,,,
1415153877.0108,pg_catalog,pg_pltemplate,0,0,0,0,0,0,0,0,0,0,0,0,0,0,,,,
1415153877.0108,pg_toast,pg_toast_2618,0,0,4189,13390,0,0,0,0,0,0,1856,3225,601,6129,,,,
1415153877.0108,pg_toast,pg_toast_3596,0,0,0,0,0,0,0,0,0,0,0,0,0,0,,,,
1415153877.0108,pg_toast,pg_toast_11747,0,0,0,0,0,0,0,0,0,0,0,0,0,0,,,,
1415153877.0108,pg_toast,pg_toast_11727,0,0,0,0,0,0,0,0,0,0,0,0,0,0,,,,
1415153877.0108,pg_toast,pg_toast_2606,0,0,0,0,0,0,0,0,0,0,0,0,0,0,,,,
1415153877.0108,pg_toast,pg_toast_2964,0,0,0,0,0,0,0,0,0,0,0,0,0,0,,,,
1415153877.0108,pg_catalog,pg_database,2538,9882,86091,86089,1,0,0,0,1,0,836,87792,5055,132223,,,,
1415153877.0108,information_schema,sql_parts,0,0,,,0,0,0,0,0,0,0,0,,,0,0,0,0
1415153877.0108,pg_toast,pg_toast_2620,0,0,0,0,0,0,0,0,0,0,0,0,0,0,,,,
1415153877.0108,public,region,2,10,0,0,5,0,0,0,5,0,1,3,0,0,,,,
1415153877.0108,pg_toast,pg_toast_11737,0,0,0,0,0,0,0,0,0,0,0,0,0,0,,,,
1415153877.0108,pg_catalog,pg_depend,0,0,27673,30036,5159,0,5090,0,6664,955,4684,35041,7105,71901,,,,
1415153877.0108,pg_catalog,pg_language,0,0,0,0,0,0,0,0,0,0,0,0,0,0,,,,
1415153877.0108,information_schema,sql_implementation_info,0,0,,,0,0,0,0,0,0,0,0,,,0,0,0,0
1415153877.0108,public,part,6,12000000,0,0,2000000,0,0,0,2000000,0,79007,327715,0,0,,,,
1415153877.0108,public,supplier,4,400000,0,0,100000,0,0,0,100000,0,2312,15648,0,0,,,,
1415153877.0108,pg_catalog,pg_amproc,298,596,103797,162831,0,0,0,0,0,0,1381,101131,3589,228765,,,,
1415153877.0108,pg_catalog,pg_collation,0,0,0,0,0,0,0,0,0,0,0,0,0,0,,,,
1415153877.0108,pg_catalog,pg_range,0,0,5328,0,0,0,0,0,0,0,0,0,3138,7518,,,,
1415153877.0108,pg_toast,pg_toast_2609,0,0,0,0,0,0,0,0,0,0,0,0,0,0,,,,
1415153877.0108,pg_catalog,pg_opclass,298,298,142276,1620239,0,0,0,0,0,0,3060,638726,5003,172610,,,,
1415153877.0108,pg_toast,pg_toast_11752,0,0,0,0,0,0,0,0,0,0,0,0,0,0,,,,
1415153877.0108,pg_catalog,pg_rewrite,0,0,8154,6996,386,0,386,0,110,22,3125,6916,1591,12323,1856,3225,1202,12258
1415153877.0108,pg_toast,pg_toast_1255,0,0,0,0,0,0,0,0,0,0,0,0,0,0,,,,
1415153877.0108,pg_catalog,pg_seclabel,0,0,2885,0,0,0,0,0,0,0,0,0,282,2603,0,0,0,0
1415153877.0108,information_schema,sql_languages,0,0,,,0,0,0,0,0,0,0,0,,,0,0,0,0
1415153877.0108,public,nation,2,50,0,0,25,0,0,0,25,0,1,3,0,0,,,,
1415153877.0108,pg_catalog,pg_ts_parser,0,0,0,0,0,0,0,0,0,0,0,0,0,0,,,,
1415153877.0108,pg_catalog,pg_trigger,0,0,0,0,0,0,0,0,0,0,0,0,0,0,0,0,0,0
1415153877.0108,pg_catalog,pg_shseclabel,0,0,0,0,0,0,0,0,0,0,0,0,0,0,,,,
1415153877.0108,pg_catalog,pg_event_trigger,0,0,1117,0,0,0,0,0,0,0,0,0,297,820,,,,
1415153877.0108,pg_toast,pg_toast_11742,0,0,0,0,0,0,0,0,0,0,0,0,0,0,,,,
1415153877.0108,pg_catalog,pg_foreign_table,0,0,0,0,0,0,0,0,0,0,0,0,0,0,,,,
1415153877.0108,information_schema,sql_sizing_profiles,0,0,,,0,0,0,0,0,0,0,0,,,0,0,0,0
1415153877.0108,pg_catalog,pg_extension,0,0,0,0,0,0,0,0,0,0,0,0,0,0,,,,
1415153877.0108,pg_catalog,pg_ts_config,0,0,0,0,0,0,0,0,0,0,0,0,0,0,,,,
1415153877.0108,pg_catalog,pg_shdescription,0,0,0,0,0,0,0,0,0,0,0,0,0,0,0,0,0,0
1415153877.0108,public,partsupp,3,24000000,0,0,8000000,0,0,0,8000000,0,340611,954509,0,0,,,,
1415153877.0108,pg_catalog,pg_cast,0,0,775036,188379,0,0,0,0,0,0,2195,186184,2021,796334,,,,
1415153877.0108,pg_catalog,pg_amop,0,0,213362,308258,0,0,0,0,0,0,4077,304181,7450,448739,,,,
1415153877.0108,public,customer,6,9000000,0,0,1500000,0,0,0,1500000,0,68533,294857,0,0,,,,
1415153877.0108,pg_catalog,pg_user_mapping,0,0,0,0,0,0,0,0,0,0,0,0,0,0,,,,
1415153877.0108,pg_catalog,pg_type,0,0,564428,559382,1326,0,1307,0,360,107,6076,559083,8248,1156448,,,,
1415153877.0108,pg_catalog,pg_largeobject,0,0,0,0,0,0,0,0,0,0,0,0,0,0,,,,
1415153877.0108,pg_catalog,pg_ts_config_map,0,0,0,0,0,0,0,0,0,0,0,0,0,0,,,,
1415153877.0108,pg_catalog,pg_largeobject_metadata,0,0,0,0,0,0,0,0,0,0,0,0,0,0,,,,
1415153877.0108,pg_catalog,pg_am,25225,25225,0,0,0,0,0,0,0,0,1164,24061,0,0,,,,
1415153877.0108,pg_toast,pg_toast_11722,0,0,0,0,0,0,0,0,0,0,0,0,0,0,,,,
1415153877.0108,pg_catalog,pg_ts_template,0,0,0,0,0,0,0,0,0,0,0,0,0,0,,,,
1415153877.0108,pg_catalog,pg_foreign_server,0,0,0,0,0,0,0,0,0,0,0,0,0,0,,,,
1415153877.0108,pg_catalog,pg_namespace,2026,30490,140285,116355,36,0,0,0,36,0,1060,117412,3090,163631,,,,
1415153877.0108,pg_toast,pg_toast_2619,0,0,81828,272751,3023,0,2814,0,219,16,25821,106938,1721,173942,,,,
1415153877.0108,pg_catalog,pg_authid,915,915,48056,48056,0,0,0,0,0,0,1004,47967,4147,91965,,,,
1415153877.0108,pg_catalog,pg_default_acl,0,0,2676,0,0,0,0,0,0,0,0,0,281,2395,,,,
1415153877.0108,public,orders,4,60000000,0,0,15000000,0,0,0,15000000,0,504554,1558780,0,0,,,,
1415153877.0108,pg_catalog,pg_shdepend,0,0,3592,706,0,0,0,0,0,0,297,409,1173,3749,,,,
1415153877.0108,pg_catalog,pg_constraint,0,0,183,88,95,0,88,0,9,32,53,518,96,939,0,0,0,0
1415153877.0108,pg_catalog,pg_index,5164,583735,255743,365557,465,0,445,0,135,0,5719,351672,4723,292325,,,,
1415153877.0108,pg_catalog,pg_ts_dict,0,0,0,0,0,0,0,0,0,0,0,0,0,0,,,,
1415153877.0108,pg_toast,pg_toast_2604,0,0,0,0,0,0,0,0,0,0,0,0,0,0,,,,
1415153877.0108,pg_toast,pg_toast_11732,0,0,0,0,0,0,0,0,0,0,0,0,0,0,,,,
1415153877.0108,pg_catalog,pg_proc,0,0,227537,336549,0,0,0,0,0,0,23949,227156,15341,485711,0,0,0,0
1415153937.0189,pg_catalog,pg_attrdef,0,0,0,0,0,0,0,0,0,0,0,0,0,0,0,0,0,0
1415153937.0189,pg_catalog,pg_db_role_setting,0,0,102488,0,0,0,0,0,0,0,0,0,1188,101300,0,0,0,0
1415153937.0189,pg_catalog,pg_rowsecurity,0,0,0,0,0,0,0,0,0,0,0,0,0,0,,,,
1415153937.0189,pg_catalog,pg_description,0,0,2885,0,0,0,0,0,0,0,0,0,861,5568,0,0,0,0
1415153937.0189,pg_catalog,pg_foreign_data_wrapper,0,0,0,0,0,0,0,0,0,0,0,0,0,0,,,,
1415153937.0189,pg_catalog,pg_conversion,0,0,0,0,0,0,0,0,0,0,0,0,0,0,,,,
1415153937.0189,information_schema,sql_features,0,0,,,0,0,0,0,0,0,0,0,,,0,0,0,0
1415153937.0189,public,lineitem,4,239944208,0,0,59986052,0,0,0,59986052,0,3401208,4234025,0,0,,,,
1415153937.0189,public,time_statistics,0,0,,,1,0,0,0,1,0,1,0,,,,,,
1415153937.0189,pg_catalog,pg_class,10122,2526649,686063,637061,1138,402,1104,384,333,0,12908,727063,12012,1421175,,,,
1415153937.0189,pg_catalog,pg_opfamily,0,0,0,0,0,0,0,0,0,0,0,0,0,0,,,,
1415153937.0189,pg_catalog,pg_auth_members,0,0,0,0,0,0,0,0,0,0,0,0,0,0,,,,
1415153937.0189,pg_catalog,pg_operator,0,0,181921,910865,0,0,0,0,0,0,12829,625249,9361,390503,,,,
1415153937.0189,information_schema,sql_packages,0,0,,,0,0,0,0,0,0,0,0,,,0,0,0,0
1415153937.0189,pg_catalog,pg_attribute,1639,11175,524942,1129902,4176,118,4008,89,2504,462,20990,574210,8088,1086857,,,,
1415153937.0189,pg_catalog,pg_tablespace,2,4,17813,17813,0,0,0,0,0,0,1150,16665,2332,33362,,,,
1415153937.0189,pg_catalog,pg_statistic,0,0,135399,128553,910,2570,863,2128,448,91,14078,121873,3637,288076,25821,106946,1721,173954
1415153937.0189,pg_catalog,pg_aggregate,0,0,12422,12422,0,0,0,0,0,0,1513,10909,3278,18473,,,,
1415153937.0189,pg_catalog,pg_inherits,0,0,659,0,0,0,0,0,0,0,0,0,297,362,,,,
1415153937.0189,information_schema,sql_sizing,0,0,,,0,0,0,0,0,0,0,0,,,0,0,0,0
1415153937.0189,pg_catalog,pg_enum,0,0,0,0,0,0,0,0,0,0,0,0,0,0,,,,
1415153937.0189,pg_toast,pg_toast_2396,0,0,0,0,0,0,0,0,0,0,0,0,0,0,,,,
1415153937.0189,pg_catalog,pg_pltemplate,0,0,0,0,0,0,0,0,0,0,0,0,0,0,,,,
1415153937.0189,pg_toast,pg_toast_2618,0,0,4194,13406,0,0,0,0,0,0,1856,3231,601,6137,,,,
1415153937.0189,pg_toast,pg_toast_3596,0,0,0,0,0,0,0,0,0,0,0,0,0,0,,,,
1415153937.0189,pg_toast,pg_toast_11747,0,0,0,0,0,0,0,0,0,0,0,0,0,0,,,,
1415153937.0189,pg_toast,pg_toast_11727,0,0,0,0,0,0,0,0,0,0,0,0,0,0,,,,
1415153937.0189,pg_toast,pg_toast_2606,0,0,0,0,0,0,0,0,0,0,0,0,0,0,,,,
1415153937.0189,pg_toast,pg_toast_2964,0,0,0,0,0,0,0,0,0,0,0,0,0,0,,,,
1415153937.0189,pg_catalog,pg_database,2541,9894,86127,86125,1,0,0,0,1,0,836,87831,5055,132273,,,,
1415153937.0189,information_schema,sql_parts,0,0,,,0,0,0,0,0,0,0,0,,,0,0,0,0
1415153937.0189,pg_toast,pg_toast_2620,0,0,0,0,0,0,0,0,0,0,0,0,0,0,,,,
1415153937.0189,public,region,2,10,0,0,5,0,0,0,5,0,1,3,0,0,,,,
1415153937.0189,pg_toast,pg_toast_11737,0,0,0,0,0,0,0,0,0,0,0,0,0,0,,,,
1415153937.0189,pg_catalog,pg_depend,0,0,27691,30054,5169,0,5090,0,6674,955,4684,35081,7106,71985,,,,
1415153937.0189,pg_catalog,pg_language,0,0,0,0,0,0,0,0,0,0,0,0,0,0,,,,
1415153937.0189,information_schema,sql_implementation_info,0,0,,,0,0,0,0,0,0,0,0,,,0,0,0,0
1415153937.0189,public,part,6,12000000,0,0,2000000,0,0,0,2000000,0,79007,327715,0,0,,,,
1415153937.0189,public,supplier,4,400000,0,0,100000,0,0,0,100000,0,2312,15648,0,0,,,,
1415153937.0189,pg_catalog,pg_amproc,298,596,103822,162871,0,0,0,0,0,0,1381,101156,3589,228821,,,,
1415153937.0189,pg_catalog,pg_collation,0,0,0,0,0,0,0,0,0,0,0,0,0,0,,,,
1415153937.0189,pg_catalog,pg_range,0,0,5328,0,0,0,0,0,0,0,0,0,3138,7518,,,,
1415153937.0189,pg_toast,pg_toast_2609,0,0,0,0,0,0,0,0,0,0,0,0,0,0,,,,
1415153937.0189,pg_catalog,pg_opclass,298,298,142311,1620694,0,0,0,0,0,0,3060,638889,5003,172659,,,,
1415153937.0189,pg_toast,pg_toast_11752,0,0,0,0,0,0,0,0,0,0,0,0,0,0,,,,
1415153937.0189,pg_catalog,pg_rewrite,0,0,8162,7004,386,0,386,0,110,22,3125,6924,1591,12337,1856,3231,1202,12274
1415153937.0189,pg_toast,pg_toast_1255,0,0,0,0,0,0,0,0,0,0,0,0,0,0,,,,
1415153937.0189,pg_catalog,pg_seclabel,0,0,2885,0,0,0,0,0,0,0,0,0,282,2603,0,0,0,0
1415153937.0189,information_schema,sql_languages,0,0,,,0,0,0,0,0,0,0,0,,,0,0,0,0
1415153937.0189,public,nation,2,50,0,0,25,0,0,0,25,0,1,3,0,0,,,,
1415153937.0189,pg_catalog,pg_ts_parser,0,0,0,0,0,0,0,0,0,0,0,0,0,0,,,,
1415153937.0189,pg_catalog,pg_trigger,0,0,0,0,0,0,0,0,0,0,0,0,0,0,0,0,0,0
1415153937.0189,pg_catalog,pg_shseclabel,0,0,0,0,0,0,0,0,0,0,0,0,0,0,,,,
1415153937.0189,pg_catalog,pg_event_trigger,0,0,1121,0,0,0,0,0,0,0,0,0,297,824,,,,
1415153937.0189,pg_toast,pg_toast_11742,0,0,0,0,0,0,0,0,0,0,0,0,0,0,,,,
1415153937.0189,pg_catalog,pg_foreign_table,0,0,0,0,0,0,0,0,0,0,0,0,0,0,,,,
1415153937.0189,information_schema,sql_sizing_profiles,0,0,,,0,0,0,0,0,0,0,0,,,0,0,0,0
1415153937.0189,pg_catalog,pg_extension,0,0,0,0,0,0,0,0,0,0,0,0,0,0,,,,
1415153937.0189,pg_catalog,pg_ts_config,0,0,0,0,0,0,0,0,0,0,0,0,0,0,,,,
1415153937.0189,pg_catalog,pg_shdescription,0,0,0,0,0,0,0,0,0,0,0,0,0,0,0,0,0,0
1415153937.0189,public,partsupp,3,24000000,0,0,8000000,0,0,0,8000000,0,340611,954509,0,0,,,,
1415153937.0189,pg_catalog,pg_cast,0,0,775186,188441,0,0,0,0,0,0,2195,186246,2021,796494,,,,
1415153937.0189,pg_catalog,pg_amop,0,0,213405,308311,0,0,0,0,0,0,4077,304234,7450,448835,,,,
1415153937.0189,public,customer,6,9000000,0,0,1500000,0,0,0,1500000,0,68533,294857,0,0,,,,
1415153937.0189,pg_catalog,pg_user_mapping,0,0,0,0,0,0,0,0,0,0,0,0,0,0,,,,
1415153937.0189,pg_catalog,pg_type,0,0,564548,559502,1326,0,1307,0,360,107,6076,559203,8248,1156698,,,,
1415153937.0189,pg_catalog,pg_largeobject,0,0,0,0,0,0,0,0,0,0,0,0,0,0,,,,
1415153937.0189,pg_catalog,pg_ts_config_map,0,0,0,0,0,0,0,0,0,0,0,0,0,0,,,,
1415153937.0189,pg_catalog,pg_largeobject_metadata,0,0,0,0,0,0,0,0,0,0,0,0,0,0,,,,
1415153937.0189,pg_catalog,pg_am,25235,25235,0,0,0,0,0,0,0,0,1164,24071,0,0,,,,
1415153937.0189,pg_toast,pg_toast_11722,0,0,0,0,0,0,0,0,0,0,0,0,0,0,,,,
1415153937.0189,pg_catalog,pg_ts_template,0,0,0,0,0,0,0,0,0,0,0,0,0,0,,,,
1415153937.0189,pg_catalog,pg_foreign_server,0,0,0,0,0,0,0,0,0,0,0,0,0,0,,,,
1415153937.0189,pg_catalog,pg_namespace,2028,30574,140447,116507,36,0,0,0,36,0,1060,117566,3090,163806,,,,
1415153937.0189,pg_toast,pg_toast_2619,0,0,81832,272759,3023,0,2814,0,219,16,25821,106946,1721,173954,,,,
1415153937.0189,pg_catalog,pg_authid,916,916,48066,48066,0,0,0,0,0,0,1004,47978,4147,91985,,,,
1415153937.0189,pg_catalog,pg_default_acl,0,0,2676,0,0,0,0,0,0,0,0,0,281,2395,,,,
1415153937.0189,public,orders,4,60000000,0,0,15000000,0,0,0,15000000,0,504554,1558780,0,0,,,,
1415153937.0189,pg_catalog,pg_shdepend,0,0,3592,706,0,0,0,0,0,0,297,409,1173,3749,,,,
1415153937.0189,pg_catalog,pg_constraint,0,0,183,88,95,0,88,0,9,32,53,518,96,939,0,0,0,0
1415153937.0189,pg_catalog,pg_index,5169,584410,255828,365677,469,0,445,0,139,0,5719,351808,4723,292434,,,,
1415153937.0189,pg_catalog,pg_ts_dict,0,0,0,0,0,0,0,0,0,0,0,0,0,0,,,,
1415153937.0189,pg_toast,pg_toast_2604,0,0,0,0,0,0,0,0,0,0,0,0,0,0,,,,
1415153937.0189,pg_toast,pg_toast_11732,0,0,0,0,0,0,0,0,0,0,0,0,0,0,,,,
1415153937.0189,pg_catalog,pg_proc,0,0,227624,336678,0,0,0,0,0,0,23950,227266,15341,485900,0,0,0,0
1415153997.02462,pg_catalog,pg_attrdef,0,0,0,0,0,0,0,0,0,0,0,0,0,0,0,0,0,0
1415153997.02462,pg_catalog,pg_db_role_setting,0,0,102516,0,0,0,0,0,0,0,0,0,1188,101328,0,0,0,0
1415153997.02462,pg_catalog,pg_rowsecurity,0,0,0,0,0,0,0,0,0,0,0,0,0,0,,,,
1415153997.02462,pg_catalog,pg_description,0,0,2885,0,0,0,0,0,0,0,0,0,861,5568,0,0,0,0
1415153997.02462,pg_catalog,pg_foreign_data_wrapper,0,0,0,0,0,0,0,0,0,0,0,0,0,0,,,,
1415153997.02462,pg_catalog,pg_conversion,0,0,0,0,0,0,0,0,0,0,0,0,0,0,,,,
1415153997.02462,information_schema,sql_features,0,0,,,0,0,0,0,0,0,0,0,,,0,0,0,0
1415153997.02462,public,lineitem,6,359916312,0,0,59986052,0,0,0,59986052,0,4660719,5105348,0,0,,,,
1415153997.02462,public,time_statistics,0,0,,,1,0,0,0,1,0,1,0,,,,,,
1415153997.02462,pg_catalog,pg_class,10131,2529330,686438,637430,1140,402,1104,384,335,0,12908,727543,12012,1421955,,,,
1415153997.02462,pg_catalog,pg_opfamily,0,0,0,0,0,0,0,0,0,0,0,0,0,0,,,,
1415153997.02462,pg_catalog,pg_auth_members,0,0,0,0,0,0,0,0,0,0,0,0,0,0,,,,
1415153997.02462,pg_catalog,pg_operator,0,0,181936,910880,0,0,0,0,0,0,12829,625264,9361,390539,,,,
1415153997.02462,information_schema,sql_packages,0,0,,,0,0,0,0,0,0,0,0,,,0,0,0,0
1415153997.02462,pg_catalog,pg_attribute,1639,11175,525167,1130461,4181,118,4008,89,2509,460,20990,574471,8088,1087337,,,,
1415153997.02462,pg_catalog,pg_tablespace,2,4,17818,17818,0,0,0,0,0,0,1150,16670,2332,33372,,,,
1415153997.02462,pg_catalog,pg_statistic,0,0,135421,128569,910,2570,863,2128,448,91,14078,121889,3637,288124,25821,106950,1721,173960
1415153997.02462,pg_catalog,pg_aggregate,0,0,12423,12423,0,0,0,0,0,0,1513,10910,3278,18475,,,,
1415153997.02462,pg_catalog,pg_inherits,0,0,659,0,0,0,0,0,0,0,0,0,297,362,,,,
1415153997.02462,information_schema,sql_sizing,0,0,,,0,0,0,0,0,0,0,0,,,0,0,0,0
1415153997.02462,pg_catalog,pg_enum,0,0,0,0,0,0,0,0,0,0,0,0,0,0,,,,
1415153997.02462,pg_toast,pg_toast_2396,0,0,0,0,0,0,0,0,0,0,0,0,0,0,,,,
1415153997.02462,pg_catalog,pg_pltemplate,0,0,0,0,0,0,0,0,0,0,0,0,0,0,,,,
1415153997.02462,pg_toast,pg_toast_2618,0,0,4199,13422,0,0,0,0,0,0,1856,3237,601,6145,,,,
1415153997.02462,pg_toast,pg_toast_3596,0,0,0,0,0,0,0,0,0,0,0,0,0,0,,,,
1415153997.02462,pg_toast,pg_toast_11747,0,0,0,0,0,0,0,0,0,0,0,0,0,0,,,,
1415153997.02462,pg_toast,pg_toast_11727,0,0,0,0,0,0,0,0,0,0,0,0,0,0,,,,
1415153997.02462,pg_toast,pg_toast_2606,0,0,0,0,0,0,0,0,0,0,0,0,0,0,,,,
1415153997.02462,pg_toast,pg_toast_2964,0,0,0,0,0,0,0,0,0,0,0,0,0,0,,,,
1415153997.02462,pg_catalog,pg_database,2544,9906,86159,86157,1,0,0,0,1,0,836,87866,5055,132319,,,,
1415153997.02462,information_schema,sql_parts,0,0,,,0,0,0,0,0,0,0,0,,,0,0,0,0
1415153997.02462,pg_toast,pg_toast_2620,0,0,0,0,0,0,0,0,0,0,0,0,0,0,,,,
1415153997.02462,public,region,2,10,0,0,5,0,0,0,5,0,1,3,0,0,,,,
1415153997.02462,pg_toast,pg_toast_11737,0,0,0,0,0,0,0,0,0,0,0,0,0,0,,,,
1415153997.02462,pg_catalog,pg_depend,0,0,27701,30064,5174,0,5090,0,6679,955,4684,35102,7106,72029,,,,
1415153997.02462,pg_catalog,pg_language,0,0,0,0,0,0,0,0,0,0,0,0,0,0,,,,
1415153997.02462,information_schema,sql_implementation_info,0,0,,,0,0,0,0,0,0,0,0,,,0,0,0,0
1415153997.02462,public,part,6,12000000,0,0,2000000,0,0,0,2000000,0,79007,327715,0,0,,,,
1415153997.02462,public,supplier,4,400000,0,0,100000,0,0,0,100000,0,2312,15648,0,0,,,,
1415153997.02462,pg_catalog,pg_amproc,298,596,103839,162901,0,0,0,0,0,0,1381,101173,3589,228861,,,,
1415153997.02462,pg_catalog,pg_collation,0,0,0,0,0,0,0,0,0,0,0,0,0,0,,,,
1415153997.02462,pg_catalog,pg_range,0,0,5328,0,0,0,0,0,0,0,0,0,3138,7518,,,,
1415153997.02462,pg_toast,pg_toast_2609,0,0,0,0,0,0,0,0,0,0,0,0,0,0,,,,
1415153997.02462,pg_catalog,pg_opclass,298,298,142337,1621021,0,0,0,0,0,0,3060,638999,5003,172695,,,,
1415153997.02462,pg_toast,pg_toast_11752,0,0,0,0,0,0,0,0,0,0,0,0,0,0,,,,
1415153997.02462,pg_catalog,pg_rewrite,0,0,8168,7010,386,0,386,0,110,22,3125,6930,1591,12347,1856,3237,1202,12290
1415153997.02462,pg_toast,pg_toast_1255,0,0,0,0,0,0,0,0,0,0,0,0,0,0,,,,
1415153997.02462,pg_catalog,pg_seclabel,0,0,2885,0,0,0,0,0,0,0,0,0,282,2603,0,0,0,0
1415153997.02462,information_schema,sql_languages,0,0,,,0,0,0,0,0,0,0,0,,,0,0,0,0
1415153997.02462,public,nation,2,50,0,0,25,0,0,0,25,0,1,3,0,0,,,,
1415153997.02462,pg_catalog,pg_ts_parser,0,0,0,0,0,0,0,0,0,0,0,0,0,0,,,,
1415153997.02462,pg_catalog,pg_trigger,0,0,0,0,0,0,0,0,0,0,0,0,0,0,0,0,0,0
1415153997.02462,pg_catalog,pg_shseclabel,0,0,0,0,0,0,0,0,0,0,0,0,0,0,,,,
1415153997.02462,pg_catalog,pg_event_trigger,0,0,1123,0,0,0,0,0,0,0,0,0,297,826,,,,
1415153997.02462,pg_toast,pg_toast_11742,0,0,0,0,0,0,0,0,0,0,0,0,0,0,,,,
1415153997.02462,pg_catalog,pg_foreign_table,0,0,0,0,0,0,0,0,0,0,0,0,0,0,,,,
1415153997.02462,information_schema,sql_sizing_profiles,0,0,,,0,0,0,0,0,0,0,0,,,0,0,0,0
1415153997.02462,pg_catalog,pg_extension,0,0,0,0,0,0,0,0,0,0,0,0,0,0,,,,
1415153997.02462,pg_catalog,pg_ts_config,0,0,0,0,0,0,0,0,0,0,0,0,0,0,,,,
1415153997.02462,pg_catalog,pg_shdescription,0,0,0,0,0,0,0,0,0,0,0,0,0,0,0,0,0,0
1415153997.02462,public,partsupp,3,24000000,0,0,8000000,0,0,0,8000000,0,340611,954509,0,0,,,,
1415153997.02462,pg_catalog,pg_cast,0,0,775266,188477,0,0,0,0,0,0,2195,186282,2021,796580,,,,
1415153997.02462,pg_catalog,pg_amop,0,0,213428,308340,0,0,0,0,0,0,4077,304263,7450,448887,,,,
1415153997.02462,public,customer,6,9000000,0,0,1500000,0,0,0,1500000,0,68533,294857,0,0,,,,
1415153997.02462,pg_catalog,pg_user_mapping,0,0,0,0,0,0,0,0,0,0,0,0,0,0,,,,
1415153997.02462,pg_catalog,pg_type,0,0,564624,559578,1326,0,1307,0,360,107,6076,559279,8248,1156856,,,,
1415153997.02462,pg_catalog,pg_largeobject,0,0,0,0,0,0,0,0,0,0,0,0,0,0,,,,
1415153997.02462,pg_catalog,pg_ts_config_map,0,0,0,0,0,0,0,0,0,0,0,0,0,0,,,,
1415153997.02462,pg_catalog,pg_largeobject_metadata,0,0,0,0,0,0,0,0,0,0,0,0,0,0,,,,
1415153997.02462,pg_catalog,pg_am,25243,25243,0,0,0,0,0,0,0,0,1164,24079,0,0,,,,
1415153997.02462,pg_toast,pg_toast_11722,0,0,0,0,0,0,0,0,0,0,0,0,0,0,,,,
1415153997.02462,pg_catalog,pg_ts_template,0,0,0,0,0,0,0,0,0,0,0,0,0,0,,,,
1415153997.02462,pg_catalog,pg_foreign_server,0,0,0,0,0,0,0,0,0,0,0,0,0,0,,,,
1415153997.02462,pg_catalog,pg_namespace,2030,30658,140603,116657,36,0,0,0,36,0,1060,117718,3090,163971,,,,
1415153997.02462,pg_toast,pg_toast_2619,0,0,81834,272763,3023,0,2814,0,219,16,25821,106950,1721,173960,,,,
1415153997.02462,pg_catalog,pg_authid,917,917,48076,48076,0,0,0,0,0,0,1004,47989,4147,92005,,,,
1415153997.02462,pg_catalog,pg_default_acl,0,0,2676,0,0,0,0,0,0,0,0,0,281,2395,,,,
1415153997.02462,public,orders,4,60000000,0,0,15000000,0,0,0,15000000,0,504554,1558780,0,0,,,,
1415153997.02462,pg_catalog,pg_shdepend,0,0,3592,706,0,0,0,0,0,0,297,409,1173,3749,,,,
1415153997.02462,pg_catalog,pg_constraint,0,0,183,88,95,0,88,0,9,32,53,518,96,939,0,0,0,0
1415153997.02462,pg_catalog,pg_index,5174,585105,255885,365755,471,0,445,0,141,0,5719,351908,4723,292507,,,,
1415153997.02462,pg_catalog,pg_ts_dict,0,0,0,0,0,0,0,0,0,0,0,0,0,0,,,,
1415153997.02462,pg_toast,pg_toast_2604,0,0,0,0,0,0,0,0,0,0,0,0,0,0,,,,
1415153997.02462,pg_toast,pg_toast_11732,0,0,0,0,0,0,0,0,0,0,0,0,0,0,,,,
1415153997.02462,pg_catalog,pg_proc,0,0,227696,336778,0,0,0,0,0,0,23950,227354,15341,486052,0,0,0,0
1415154057.02718,pg_catalog,pg_attrdef,0,0,0,0,0,0,0,0,0,0,0,0,0,0,0,0,0,0
1415154057.02718,pg_catalog,pg_db_role_setting,0,0,102544,0,0,0,0,0,0,0,0,0,1188,101356,0,0,0,0
1415154057.02718,pg_catalog,pg_rowsecurity,0,0,0,0,0,0,0,0,0,0,0,0,0,0,,,,
1415154057.02718,pg_catalog,pg_description,0,0,2885,0,0,0,0,0,0,0,0,0,861,5568,0,0,0,0
1415154057.02718,pg_catalog,pg_foreign_data_wrapper,0,0,0,0,0,0,0,0,0,0,0,0,0,0,,,,
1415154057.02718,pg_catalog,pg_conversion,0,0,0,0,0,0,0,0,0,0,0,0,0,0,,,,
1415154057.02718,information_schema,sql_features,0,0,,,0,0,0,0,0,0,0,0,,,0,0,0,0
1415154057.02718,public,lineitem,6,359916312,0,0,59986052,0,0,0,59986052,0,4660719,5105348,0,0,,,,
1415154057.02718,public,time_statistics,0,0,,,1,0,0,0,1,0,1,0,,,,,,
1415154057.02718,pg_catalog,pg_class,10141,2532362,686785,637777,1140,402,1104,384,335,0,12908,728001,12012,1422665,,,,
1415154057.02718,pg_catalog,pg_opfamily,0,0,0,0,0,0,0,0,0,0,0,0,0,0,,,,
1415154057.02718,pg_catalog,pg_auth_members,0,0,0,0,0,0,0,0,0,0,0,0,0,0,,,,
1415154057.02718,pg_catalog,pg_operator,0,0,181953,910897,0,0,0,0,0,0,12829,625281,9361,390581,,,,
1415154057.02718,information_schema,sql_packages,0,0,,,0,0,0,0,0,0,0,0,,,0,0,0,0
1415154057.02718,pg_catalog,pg_attribute,1639,11175,525373,1130799,4181,118,4008,89,2509,460,20990,574684,8088,1087757,,,,
1415154057.02718,pg_catalog,pg_tablespace,2,4,17823,17823,0,0,0,0,0,0,1150,16675,2332,33382,,,,
1415154057.02718,pg_catalog,pg_statistic,0,0,135446,128588,910,2570,863,2128,448,91,14078,121908,3637,288179,25821,106956,1721,173969
1415154057.02718,pg_catalog,pg_aggregate,0,0,12424,12424,0,0,0,0,0,0,1513,10911,3278,18477,,,,
1415154057.02718,pg_catalog,pg_inherits,0,0,659,0,0,0,0,0,0,0,0,0,297,362,,,,
1415154057.02718,information_schema,sql_sizing,0,0,,,0,0,0,0,0,0,0,0,,,0,0,0,0
1415154057.02718,pg_catalog,pg_enum,0,0,0,0,0,0,0,0,0,0,0,0,0,0,,,,
1415154057.02718,pg_toast,pg_toast_2396,0,0,0,0,0,0,0,0,0,0,0,0,0,0,,,,
1415154057.02718,pg_catalog,pg_pltemplate,0,0,0,0,0,0,0,0,0,0,0,0,0,0,,,,
1415154057.02718,pg_toast,pg_toast_2618,0,0,4204,13438,0,0,0,0,0,0,1856,3243,601,6153,,,,
1415154057.02718,pg_toast,pg_toast_3596,0,0,0,0,0,0,0,0,0,0,0,0,0,0,,,,
1415154057.02718,pg_toast,pg_toast_11747,0,0,0,0,0,0,0,0,0,0,0,0,0,0,,,,
1415154057.02718,pg_toast,pg_toast_11727,0,0,0,0,0,0,0,0,0,0,0,0,0,0,,,,
1415154057.02718,pg_toast,pg_toast_2606,0,0,0,0,0,0,0,0,0,0,0,0,0,0,,,,
1415154057.02718,pg_toast,pg_toast_2964,0,0,0,0,0,0,0,0,0,0,0,0,0,0,,,,
1415154057.02718,pg_catalog,pg_database,2547,9918,86189,86187,1,0,0,0,1,0,836,87899,5055,132363,,,,
1415154057.02718,information_schema,sql_parts,0,0,,,0,0,0,0,0,0,0,0,,,0,0,0,0
1415154057.02718,pg_toast,pg_toast_2620,0,0,0,0,0,0,0,0,0,0,0,0,0,0,,,,
1415154057.02718,public,region,2,10,0,0,5,0,0,0,5,0,1,3,0,0,,,,
1415154057.02718,pg_toast,pg_toast_11737,0,0,0,0,0,0,0,0,0,0,0,0,0,0,,,,
1415154057.02718,pg_catalog,pg_depend,0,0,27701,30064,5174,0,5090,0,6679,955,4684,35102,7106,72029,,,,
1415154057.02718,pg_catalog,pg_language,0,0,0,0,0,0,0,0,0,0,0,0,0,0,,,,
1415154057.02718,information_schema,sql_implementation_info,0,0,,,0,0,0,0,0,0,0,0,,,0,0,0,0
1415154057.02718,public,part,6,12000000,0,0,2000000,0,0,0,2000000,0,79007,327715,0,0,,,,
1415154057.02718,public,supplier,4,400000,0,0,100000,0,0,0,100000,0,2312,15648,0,0,,,,
1415154057.02718,pg_catalog,pg_amproc,298,596,103856,162928,0,0,0,0,0,0,1381,101190,3589,228901,,,,
1415154057.02718,pg_catalog,pg_collation,0,0,0,0,0,0,0,0,0,0,0,0,0,0,,,,
1415154057.02718,pg_catalog,pg_range,0,0,5328,0,0,0,0,0,0,0,0,0,3138,7518,,,,
1415154057.02718,pg_toast,pg_toast_2609,0,0,0,0,0,0,0,0,0,0,0,0,0,0,,,,
1415154057.02718,pg_catalog,pg_opclass,298,298,142355,1621206,0,0,0,0,0,0,3060,639069,5003,172722,,,,
1415154057.02718,pg_toast,pg_toast_11752,0,0,0,0,0,0,0,0,0,0,0,0,0,0,,,,
1415154057.02718,pg_catalog,pg_rewrite,0,0,8175,7017,386,0,386,0,110,22,3125,6937,1591,12359,1856,3243,1202,12306
1415154057.02718,pg_toast,pg_toast_1255,0,0,0,0,0,0,0,0,0,0,0,0,0,0,,,,
1415154057.02718,pg_catalog,pg_seclabel,0,0,2885,0,0,0,0,0,0,0,0,0,282,2603,0,0,0,0
1415154057.02718,information_schema,sql_languages,0,0,,,0,0,0,0,0,0,0,0,,,0,0,0,0
1415154057.02718,public,nation,2,50,0,0,25,0,0,0,25,0,1,3,0,0,,,,
1415154057.02718,pg_catalog,pg_ts_parser,0,0,0,0,0,0,0,0,0,0,0,0,0,0,,,,
1415154057.02718,pg_catalog,pg_trigger,0,0,0,0,0,0,0,0,0,0,0,0,0,0,0,0,0,0
1415154057.02718,pg_catalog,pg_shseclabel,0,0,0,0,0,0,0,0,0,0,0,0,0,0,,,,
1415154057.02718,pg_catalog,pg_event_trigger,0,0,1123,0,0,0,0,0,0,0,0,0,297,826,,,,
1415154057.02718,pg_toast,pg_toast_11742,0,0,0,0,0,0,0,0,0,0,0,0,0,0,,,,
1415154057.02718,pg_catalog,pg_foreign_table,0,0,0,0,0,0,0,0,0,0,0,0,0,0,,,,
1415154057.02718,information_schema,sql_sizing_profiles,0,0,,,0,0,0,0,0,0,0,0,,,0,0,0,0
1415154057.02718,pg_catalog,pg_extension,0,0,0,0,0,0,0,0,0,0,0,0,0,0,,,,
1415154057.02718,pg_catalog,pg_ts_config,0,0,0,0,0,0,0,0,0,0,0,0,0,0,,,,
1415154057.02718,pg_catalog,pg_shdescription,0,0,0,0,0,0,0,0,0,0,0,0,0,0,0,0,0,0
1415154057.02718,public,partsupp,3,24000000,0,0,8000000,0,0,0,8000000,0,340611,954509,0,0,,,,
1415154057.02718,pg_catalog,pg_cast,0,0,775335,188505,0,0,0,0,0,0,2195,186310,2021,796654,,,,
1415154057.02718,pg_catalog,pg_amop,0,0,213461,308381,0,0,0,0,0,0,4077,304304,7450,448961,,,,
1415154057.02718,public,customer,6,9000000,0,0,1500000,0,0,0,1500000,0,68533,294857,0,0,,,,
1415154057.02718,pg_catalog,pg_user_mapping,0,0,0,0,0,0,0,0,0,0,0,0,0,0,,,,
1415154057.02718,pg_catalog,pg_type,0,0,564716,559670,1326,0,1307,0,360,107,6076,559371,8248,1157045,,,,
1415154057.02718,pg_catalog,pg_largeobject,0,0,0,0,0,0,0,0,0,0,0,0,0,0,,,,
1415154057.02718,pg_catalog,pg_ts_config_map,0,0,0,0,0,0,0,0,0,0,0,0,0,0,,,,
1415154057.02718,pg_catalog,pg_largeobject_metadata,0,0,0,0,0,0,0,0,0,0,0,0,0,0,,,,
1415154057.02718,pg_catalog,pg_am,25249,25249,0,0,0,0,0,0,0,0,1164,24085,0,0,,,,
1415154057.02718,pg_toast,pg_toast_11722,0,0,0,0,0,0,0,0,0,0,0,0,0,0,,,,
1415154057.02718,pg_catalog,pg_ts_template,0,0,0,0,0,0,0,0,0,0,0,0,0,0,,,,
1415154057.02718,pg_catalog,pg_foreign_server,0,0,0,0,0,0,0,0,0,0,0,0,0,0,,,,
1415154057.02718,pg_catalog,pg_namespace,2032,30742,140760,116809,36,0,0,0,36,0,1060,117872,3090,164136,,,,
1415154057.02718,pg_toast,pg_toast_2619,0,0,81837,272769,3023,0,2814,0,219,16,25821,106956,1721,173969,,,,
1415154057.02718,pg_catalog,pg_authid,918,918,48086,48086,0,0,0,0,0,0,1004,48000,4147,92025,,,,
1415154057.02718,pg_catalog,pg_default_acl,0,0,2676,0,0,0,0,0,0,0,0,0,281,2395,,,,
1415154057.02718,public,orders,4,60000000,0,0,15000000,0,0,0,15000000,0,504554,1558780,0,0,,,,
1415154057.02718,pg_catalog,pg_shdepend,0,0,3592,706,0,0,0,0,0,0,297,409,1173,3749,,,,
1415154057.02718,pg_catalog,pg_constraint,0,0,183,88,95,0,88,0,9,32,53,518,96,939,0,0,0,0
1415154057.02718,pg_catalog,pg_index,5179,585810,255929,365812,471,0,445,0,141,0,5719,351987,4723,292562,,,,
1415154057.02718,pg_catalog,pg_ts_dict,0,0,0,0,0,0,0,0,0,0,0,0,0,0,,,,
1415154057.02718,pg_toast,pg_toast_2604,0,0,0,0,0,0,0,0,0,0,0,0,0,0,,,,
1415154057.02718,pg_toast,pg_toast_11732,0,0,0,0,0,0,0,0,0,0,0,0,0,0,,,,
1415154057.02718,pg_catalog,pg_proc,0,0,227774,336891,0,0,0,0,0,0,23950,227452,15341,486218,0,0,0,0
1415154117.03018,pg_catalog,pg_attrdef,0,0,0,0,0,0,0,0,0,0,0,0,0,0,0,0,0,0
1415154117.03018,pg_catalog,pg_db_role_setting,0,0,102572,0,0,0,0,0,0,0,0,0,1188,101384,0,0,0,0
1415154117.03018,pg_catalog,pg_rowsecurity,0,0,0,0,0,0,0,0,0,0,0,0,0,0,,,,
1415154117.03018,pg_catalog,pg_description,0,0,2885,0,0,0,0,0,0,0,0,0,861,5568,0,0,0,0
1415154117.03018,pg_catalog,pg_foreign_data_wrapper,0,0,0,0,0,0,0,0,0,0,0,0,0,0,,,,
1415154117.03018,pg_catalog,pg_conversion,0,0,0,0,0,0,0,0,0,0,0,0,0,0,,,,
1415154117.03018,information_schema,sql_features,0,0,,,0,0,0,0,0,0,0,0,,,0,0,0,0
1415154117.03018,public,lineitem,6,359916312,0,0,59986052,0,0,0,59986052,0,4660719,5105348,0,0,,,,
1415154117.03018,public,time_statistics,0,0,,,1,0,0,0,1,0,1,0,,,,,,
1415154117.03018,pg_catalog,pg_class,10151,2535394,687140,638132,1140,402,1104,384,335,0,12908,728467,12012,1423392,,,,
1415154117.03018,pg_catalog,pg_opfamily,0,0,0,0,0,0,0,0,0,0,0,0,0,0,,,,
1415154117.03018,pg_catalog,pg_auth_members,0,0,0,0,0,0,0,0,0,0,0,0,0,0,,,,
1415154117.03018,pg_catalog,pg_operator,0,0,181971,910915,0,0,0,0,0,0,12829,625299,9361,390626,,,,
1415154117.03018,information_schema,sql_packages,0,0,,,0,0,0,0,0,0,0,0,,,0,0,0,0
1415154117.03018,pg_catalog,pg_attribute,1639,11175,525597,1131175,4181,118,4008,89,2509,460,20990,574915,8088,1088215,,,,
1415154117.03018,pg_catalog,pg_tablespace,2,4,17828,17828,0,0,0,0,0,0,1150,16680,2332,33392,,,,
1415154117.03018,pg_catalog,pg_statistic,0,0,135475,128609,910,2570,863,2128,448,91,14078,121929,3637,288243,25821,106962,1721,173978
1415154117.03018,pg_catalog,pg_aggregate,0,0,12425,12425,0,0,0,0,0,0,1513,10912,3278,18479,,,,
1415154117.03018,pg_catalog,pg_inherits,0,0,659,0,0,0,0,0,0,0,0,0,297,362,,,,
1415154117.03018,information_schema,sql_sizing,0,0,,,0,0,0,0,0,0,0,0,,,0,0,0,0
1415154117.03018,pg_catalog,pg_enum,0,0,0,0,0,0,0,0,0,0,0,0,0,0,,,,
1415154117.03018,pg_toast,pg_toast_2396,0,0,0,0,0,0,0,0,0,0,0,0,0,0,,,,
1415154117.03018,pg_catalog,pg_pltemplate,0,0,0,0,0,0,0,0,0,0,0,0,0,0,,,,
1415154117.03018,pg_toast,pg_toast_2618,0,0,4210,13456,0,0,0,0,0,0,1856,3250,601,6163,,,,
1415154117.03018,pg_toast,pg_toast_3596,0,0,0,0,0,0,0,0,0,0,0,0,0,0,,,,
1415154117.03018,pg_toast,pg_toast_11747,0,0,0,0,0,0,0,0,0,0,0,0,0,0,,,,
1415154117.03018,pg_toast,pg_toast_11727,0,0,0,0,0,0,0,0,0,0,0,0,0,0,,,,
1415154117.03018,pg_toast,pg_toast_2606,0,0,0,0,0,0,0,0,0,0,0,0,0,0,,,,
1415154117.03018,pg_toast,pg_toast_2964,0,0,0,0,0,0,0,0,0,0,0,0,0,0,,,,
1415154117.03018,pg_catalog,pg_database,2550,9930,86219,86217,1,0,0,0,1,0,836,87932,5055,132407,,,,
1415154117.03018,information_schema,sql_parts,0,0,,,0,0,0,0,0,0,0,0,,,0,0,0,0
1415154117.03018,pg_toast,pg_toast_2620,0,0,0,0,0,0,0,0,0,0,0,0,0,0,,,,
1415154117.03018,public,region,2,10,0,0,5,0,0,0,5,0,1,3,0,0,,,,
1415154117.03018,pg_toast,pg_toast_11737,0,0,0,0,0,0,0,0,0,0,0,0,0,0,,,,
1415154117.03018,pg_catalog,pg_depend,0,0,27701,30064,5174,0,5090,0,6679,955,4684,35102,7106,72029,,,,
1415154117.03018,pg_catalog,pg_language,0,0,0,0,0,0,0,0,0,0,0,0,0,0,,,,
1415154117.03018,information_schema,sql_implementation_info,0,0,,,0,0,0,0,0,0,0,0,,,0,0,0,0
1415154117.03018,public,part,6,12000000,0,0,2000000,0,0,0,2000000,0,79007,327715,0,0,,,,
1415154117.03018,public,supplier,4,400000,0,0,100000,0,0,0,100000,0,2312,15648,0,0,,,,
1415154117.03018,pg_catalog,pg_amproc,298,596,103875,162958,0,0,0,0,0,0,1381,101209,3589,228945,,,,
1415154117.03018,pg_catalog,pg_collation,0,0,0,0,0,0,0,0,0,0,0,0,0,0,,,,
1415154117.03018,pg_catalog,pg_range,0,0,5328,0,0,0,0,0,0,0,0,0,3138,7518,,,,
1415154117.03018,pg_toast,pg_toast_2609,0,0,0,0,0,0,0,0,0,0,0,0,0,0,,,,
1415154117.03018,pg_catalog,pg_opclass,298,298,142374,1621392,0,0,0,0,0,0,3060,639140,5003,172750,,,,
1415154117.03018,pg_toast,pg_toast_11752,0,0,0,0,0,0,0,0,0,0,0,0,0,0,,,,
1415154117.03018,pg_catalog,pg_rewrite,0,0,8183,7025,386,0,386,0,110,22,3125,6945,1591,12373,1856,3250,1202,12326
1415154117.03018,pg_toast,pg_toast_1255,0,0,0,0,0,0,0,0,0,0,0,0,0,0,,,,
1415154117.03018,pg_catalog,pg_seclabel,0,0,2885,0,0,0,0,0,0,0,0,0,282,2603,0,0,0,0
1415154117.03018,information_schema,sql_languages,0,0,,,0,0,0,0,0,0,0,0,,,0,0,0,0
1415154117.03018,public,nation,2,50,0,0,25,0,0,0,25,0,1,3,0,0,,,,
1415154117.03018,pg_catalog,pg_ts_parser,0,0,0,0,0,0,0,0,0,0,0,0,0,0,,,,
1415154117.03018,pg_catalog,pg_trigger,0,0,0,0,0,0,0,0,0,0,0,0,0,0,0,0,0,0
1415154117.03018,pg_catalog,pg_shseclabel,0,0,0,0,0,0,0,0,0,0,0,0,0,0,,,,
1415154117.03018,pg_catalog,pg_event_trigger,0,0,1123,0,0,0,0,0,0,0,0,0,297,826,,,,
1415154117.03018,pg_toast,pg_toast_11742,0,0,0,0,0,0,0,0,0,0,0,0,0,0,,,,
1415154117.03018,pg_catalog,pg_foreign_table,0,0,0,0,0,0,0,0,0,0,0,0,0,0,,,,
1415154117.03018,information_schema,sql_sizing_profiles,0,0,,,0,0,0,0,0,0,0,0,,,0,0,0,0
1415154117.03018,pg_catalog,pg_extension,0,0,0,0,0,0,0,0,0,0,0,0,0,0,,,,
1415154117.03018,pg_catalog,pg_ts_config,0,0,0,0,0,0,0,0,0,0,0,0,0,0,,,,
1415154117.03018,pg_catalog,pg_shdescription,0,0,0,0,0,0,0,0,0,0,0,0,0,0,0,0,0,0
1415154117.03018,public,partsupp,3,24000000,0,0,8000000,0,0,0,8000000,0,340611,954509,0,0,,,,
1415154117.03018,pg_catalog,pg_cast,0,0,775411,188538,0,0,0,0,0,0,2195,186343,2021,796736,,,,
1415154117.03018,pg_catalog,pg_amop,0,0,213500,308430,0,0,0,0,0,0,4077,304353,7450,449049,,,,
1415154117.03018,public,customer,6,9000000,0,0,1500000,0,0,0,1500000,0,68533,294857,0,0,,,,
1415154117.03018,pg_catalog,pg_user_mapping,0,0,0,0,0,0,0,0,0,0,0,0,0,0,,,,
1415154117.03018,pg_catalog,pg_type,0,0,564824,559778,1326,0,1307,0,360,107,6076,559479,8248,1157267,,,,
1415154117.03018,pg_catalog,pg_largeobject,0,0,0,0,0,0,0,0,0,0,0,0,0,0,,,,
1415154117.03018,pg_catalog,pg_ts_config_map,0,0,0,0,0,0,0,0,0,0,0,0,0,0,,,,
1415154117.03018,pg_catalog,pg_largeobject_metadata,0,0,0,0,0,0,0,0,0,0,0,0,0,0,,,,
1415154117.03018,pg_catalog,pg_am,25255,25255,0,0,0,0,0,0,0,0,1164,24091,0,0,,,,
1415154117.03018,pg_toast,pg_toast_11722,0,0,0,0,0,0,0,0,0,0,0,0,0,0,,,,
1415154117.03018,pg_catalog,pg_ts_template,0,0,0,0,0,0,0,0,0,0,0,0,0,0,,,,
1415154117.03018,pg_catalog,pg_foreign_server,0,0,0,0,0,0,0,0,0,0,0,0,0,0,,,,
1415154117.03018,pg_catalog,pg_namespace,2034,30826,140920,116963,36,0,0,0,36,0,1060,118028,3090,164305,,,,
1415154117.03018,pg_toast,pg_toast_2619,0,0,81840,272775,3023,0,2814,0,219,16,25821,106962,1721,173978,,,,
1415154117.03018,pg_catalog,pg_authid,919,919,48096,48096,0,0,0,0,0,0,1004,48011,4147,92045,,,,
1415154117.03018,pg_catalog,pg_default_acl,0,0,2676,0,0,0,0,0,0,0,0,0,281,2395,,,,
1415154117.03018,public,orders,4,60000000,0,0,15000000,0,0,0,15000000,0,504554,1558780,0,0,,,,
1415154117.03018,pg_catalog,pg_shdepend,0,0,3592,706,0,0,0,0,0,0,297,409,1173,3749,,,,
1415154117.03018,pg_catalog,pg_constraint,0,0,183,88,95,0,88,0,9,32,53,518,96,939,0,0,0,0
1415154117.03018,pg_catalog,pg_index,5184,586515,255978,365876,471,0,445,0,141,0,5719,352071,4723,292623,,,,
1415154117.03018,pg_catalog,pg_ts_dict,0,0,0,0,0,0,0,0,0,0,0,0,0,0,,,,
1415154117.03018,pg_toast,pg_toast_2604,0,0,0,0,0,0,0,0,0,0,0,0,0,0,,,,
1415154117.03018,pg_toast,pg_toast_11732,0,0,0,0,0,0,0,0,0,0,0,0,0,0,,,,
1415154117.03018,pg_catalog,pg_proc,0,0,227858,337017,0,0,0,0,0,0,23950,227560,15341,486398,0,0,0,0
1415154177.03469,pg_catalog,pg_attrdef,0,0,0,0,0,0,0,0,0,0,0,0,0,0,0,0,0,0
1415154177.03469,pg_catalog,pg_db_role_setting,0,0,102600,0,0,0,0,0,0,0,0,0,1188,101412,0,0,0,0
1415154177.03469,pg_catalog,pg_rowsecurity,0,0,0,0,0,0,0,0,0,0,0,0,0,0,,,,
1415154177.03469,pg_catalog,pg_description,0,0,2885,0,0,0,0,0,0,0,0,0,861,5568,0,0,0,0
1415154177.03469,pg_catalog,pg_foreign_data_wrapper,0,0,0,0,0,0,0,0,0,0,0,0,0,0,,,,
1415154177.03469,pg_catalog,pg_conversion,0,0,0,0,0,0,0,0,0,0,0,0,0,0,,,,
1415154177.03469,information_schema,sql_features,0,0,,,0,0,0,0,0,0,0,0,,,0,0,0,0
1415154177.03469,public,lineitem,7,419902364,0,0,59986052,0,0,0,59986052,0,5398106,5433378,0,0,,,,
1415154177.03469,public,time_statistics,0,0,,,1,0,0,0,1,0,1,0,,,,,,
1415154177.03469,pg_catalog,pg_class,10161,2538426,687501,638490,1141,402,1104,384,336,0,12908,728941,12012,1424137,,,,
1415154177.03469,pg_catalog,pg_opfamily,0,0,0,0,0,0,0,0,0,0,0,0,0,0,,,,
1415154177.03469,pg_catalog,pg_auth_members,0,0,0,0,0,0,0,0,0,0,0,0,0,0,,,,
1415154177.03469,pg_catalog,pg_operator,0,0,181987,910931,0,0,0,0,0,0,12829,625315,9361,390665,,,,
1415154177.03469,information_schema,sql_packages,0,0,,,0,0,0,0,0,0,0,0,,,0,0,0,0
1415154177.03469,pg_catalog,pg_attribute,1639,11175,525802,1131625,4184,118,4008,89,2512,460,20990,575142,8088,1088644,,,,
1415154177.03469,pg_catalog,pg_tablespace,2,4,17833,17833,0,0,0,0,0,0,1150,16685,2332,33402,,,,
1415154177.03469,pg_catalog,pg_statistic,0,0,135496,128626,910,2570,863,2128,448,91,14078,121946,3637,288289,25821,106968,1721,173987
1415154177.03469,pg_catalog,pg_aggregate,0,0,12426,12426,0,0,0,0,0,0,1513,10913,3278,18481,,,,
1415154177.03469,pg_catalog,pg_inherits,0,0,659,0,0,0,0,0,0,0,0,0,297,362,,,,
1415154177.03469,information_schema,sql_sizing,0,0,,,0,0,0,0,0,0,0,0,,,0,0,0,0
1415154177.03469,pg_catalog,pg_enum,0,0,0,0,0,0,0,0,0,0,0,0,0,0,,,,
1415154177.03469,pg_toast,pg_toast_2396,0,0,0,0,0,0,0,0,0,0,0,0,0,0,,,,
1415154177.03469,pg_catalog,pg_pltemplate,0,0,0,0,0,0,0,0,0,0,0,0,0,0,,,,
1415154177.03469,pg_toast,pg_toast_2618,0,0,4214,13470,0,0,0,0,0,0,1856,3255,601,6169,,,,
1415154177.03469,pg_toast,pg_toast_3596,0,0,0,0,0,0,0,0,0,0,0,0,0,0,,,,
1415154177.03469,pg_toast,pg_toast_11747,0,0,0,0,0,0,0,0,0,0,0,0,0,0,,,,
1415154177.03469,pg_toast,pg_toast_11727,0,0,0,0,0,0,0,0,0,0,0,0,0,0,,,,
1415154177.03469,pg_toast,pg_toast_2606,0,0,0,0,0,0,0,0,0,0,0,0,0,0,,,,
1415154177.03469,pg_toast,pg_toast_2964,0,0,0,0,0,0,0,0,0,0,0,0,0,0,,,,
1415154177.03469,pg_catalog,pg_database,2553,9942,86249,86247,1,0,0,0,1,0,836,87965,5055,132451,,,,
1415154177.03469,information_schema,sql_parts,0,0,,,0,0,0,0,0,0,0,0,,,0,0,0,0
1415154177.03469,pg_toast,pg_toast_2620,0,0,0,0,0,0,0,0,0,0,0,0,0,0,,,,
1415154177.03469,public,region,2,10,0,0,5,0,0,0,5,0,1,3,0,0,,,,
1415154177.03469,pg_toast,pg_toast_11737,0,0,0,0,0,0,0,0,0,0,0,0,0,0,,,,
1415154177.03469,pg_catalog,pg_depend,0,0,27707,30070,5177,0,5090,0,6682,955,4684,35114,7111,72057,,,,
1415154177.03469,pg_catalog,pg_language,0,0,0,0,0,0,0,0,0,0,0,0,0,0,,,,
1415154177.03469,information_schema,sql_implementation_info,0,0,,,0,0,0,0,0,0,0,0,,,0,0,0,0
1415154177.03469,public,part,6,12000000,0,0,2000000,0,0,0,2000000,0,79007,327715,0,0,,,,
1415154177.03469,public,supplier,4,400000,0,0,100000,0,0,0,100000,0,2312,15648,0,0,,,,
1415154177.03469,pg_catalog,pg_amproc,298,596,103893,162987,0,0,0,0,0,0,1381,101227,3589,228987,,,,
1415154177.03469,pg_catalog,pg_collation,0,0,0,0,0,0,0,0,0,0,0,0,0,0,,,,
1415154177.03469,pg_catalog,pg_range,0,0,5328,0,0,0,0,0,0,0,0,0,3138,7518,,,,
1415154177.03469,pg_toast,pg_toast_2609,0,0,0,0,0,0,0,0,0,0,0,0,0,0,,,,
1415154177.03469,pg_catalog,pg_opclass,298,298,142400,1621714,0,0,0,0,0,0,3060,639254,5003,172786,,,,
1415154177.03469,pg_toast,pg_toast_11752,0,0,0,0,0,0,0,0,0,0,0,0,0,0,,,,
1415154177.03469,pg_catalog,pg_rewrite,0,0,8189,7031,386,0,386,0,110,22,3125,6951,1591,12383,1856,3255,1202,12338
1415154177.03469,pg_toast,pg_toast_1255,0,0,0,0,0,0,0,0,0,0,0,0,0,0,,,,
1415154177.03469,pg_catalog,pg_seclabel,0,0,2885,0,0,0,0,0,0,0,0,0,282,2603,0,0,0,0
1415154177.03469,information_schema,sql_languages,0,0,,,0,0,0,0,0,0,0,0,,,0,0,0,0
1415154177.03469,public,nation,2,50,0,0,25,0,0,0,25,0,1,3,0,0,,,,
1415154177.03469,pg_catalog,pg_ts_parser,0,0,0,0,0,0,0,0,0,0,0,0,0,0,,,,
1415154177.03469,pg_catalog,pg_trigger,0,0,0,0,0,0,0,0,0,0,0,0,0,0,0,0,0,0
1415154177.03469,pg_catalog,pg_shseclabel,0,0,0,0,0,0,0,0,0,0,0,0,0,0,,,,
1415154177.03469,pg_catalog,pg_event_trigger,0,0,1124,0,0,0,0,0,0,0,0,0,297,827,,,,
1415154177.03469,pg_toast,pg_toast_11742,0,0,0,0,0,0,0,0,0,0,0,0,0,0,,,,
1415154177.03469,pg_catalog,pg_foreign_table,0,0,0,0,0,0,0,0,0,0,0,0,0,0,,,,
1415154177.03469,information_schema,sql_sizing_profiles,0,0,,,0,0,0,0,0,0,0,0,,,0,0,0,0
1415154177.03469,pg_catalog,pg_extension,0,0,0,0,0,0,0,0,0,0,0,0,0,0,,,,
1415154177.03469,pg_catalog,pg_ts_config,0,0,0,0,0,0,0,0,0,0,0,0,0,0,,,,
1415154177.03469,pg_catalog,pg_shdescription,0,0,0,0,0,0,0,0,0,0,0,0,0,0,0,0,0,0
1415154177.03469,public,partsupp,3,24000000,0,0,8000000,0,0,0,8000000,0,340611,954509,0,0,,,,
1415154177.03469,pg_catalog,pg_cast,0,0,775499,188568,0,0,0,0,0,0,2195,186373,2021,796829,,,,
1415154177.03469,pg_catalog,pg_amop,0,0,213527,308463,0,0,0,0,0,0,4077,304386,7450,449109,,,,
1415154177.03469,public,customer,6,9000000,0,0,1500000,0,0,0,1500000,0,68533,294857,0,0,,,,
1415154177.03469,pg_catalog,pg_user_mapping,0,0,0,0,0,0,0,0,0,0,0,0,0,0,,,,
1415154177.03469,pg_catalog,pg_type,0,0,564903,559857,1326,0,1307,0,360,107,6076,559558,8248,1157430,,,,
1415154177.03469,pg_catalog,pg_largeobject,0,0,0,0,0,0,0,0,0,0,0,0,0,0,,,,
1415154177.03469,pg_catalog,pg_ts_config_map,0,0,0,0,0,0,0,0,0,0,0,0,0,0,,,,
1415154177.03469,pg_catalog,pg_largeobject_metadata,0,0,0,0,0,0,0,0,0,0,0,0,0,0,,,,
1415154177.03469,pg_catalog,pg_am,25262,25262,0,0,0,0,0,0,0,0,1164,24098,0,0,,,,
1415154177.03469,pg_toast,pg_toast_11722,0,0,0,0,0,0,0,0,0,0,0,0,0,0,,,,
1415154177.03469,pg_catalog,pg_ts_template,0,0,0,0,0,0,0,0,0,0,0,0,0,0,,,,
1415154177.03469,pg_catalog,pg_foreign_server,0,0,0,0,0,0,0,0,0,0,0,0,0,0,,,,
1415154177.03469,pg_catalog,pg_namespace,2036,30910,141076,117114,36,0,0,0,36,0,1060,118181,3090,164469,,,,
1415154177.03469,pg_toast,pg_toast_2619,0,0,81843,272781,3023,0,2814,0,219,16,25821,106968,1721,173987,,,,
1415154177.03469,pg_catalog,pg_authid,920,920,48106,48106,0,0,0,0,0,0,1004,48022,4147,92065,,,,
1415154177.03469,pg_catalog,pg_default_acl,0,0,2676,0,0,0,0,0,0,0,0,0,281,2395,,,,
1415154177.03469,public,orders,4,60000000,0,0,15000000,0,0,0,15000000,0,504554,1558780,0,0,,,,
1415154177.03469,pg_catalog,pg_shdepend,0,0,3592,706,0,0,0,0,0,0,297,409,1173,3749,,,,
1415154177.03469,pg_catalog,pg_constraint,0,0,183,88,95,0,88,0,9,32,53,518,96,939,0,0,0,0
1415154177.03469,pg_catalog,pg_index,5189,587220,256026,365940,472,0,445,0,142,0,5719,352158,4723,292684,,,,
1415154177.03469,pg_catalog,pg_ts_dict,0,0,0,0,0,0,0,0,0,0,0,0,0,0,,,,
1415154177.03469,pg_toast,pg_toast_2604,0,0,0,0,0,0,0,0,0,0,0,0,0,0,,,,
1415154177.03469,pg_toast,pg_toast_11732,0,0,0,0,0,0,0,0,0,0,0,0,0,0,,,,
1415154177.03469,pg_catalog,pg_proc,0,0,227930,337117,0,0,0,0,0,0,23950,227648,15341,486550,0,0,0,0
1415154237.03727,pg_catalog,pg_attrdef,0,0,0,0,0,0,0,0,0,0,0,0,0,0,0,0,0,0
1415154237.03727,pg_catalog,pg_db_role_setting,0,0,102628,0,0,0,0,0,0,0,0,0,1188,101440,0,0,0,0
1415154237.03727,pg_catalog,pg_rowsecurity,0,0,0,0,0,0,0,0,0,0,0,0,0,0,,,,
1415154237.03727,pg_catalog,pg_description,0,0,2885,0,0,0,0,0,0,0,0,0,861,5568,0,0,0,0
1415154237.03727,pg_catalog,pg_foreign_data_wrapper,0,0,0,0,0,0,0,0,0,0,0,0,0,0,,,,
1415154237.03727,pg_catalog,pg_conversion,0,0,0,0,0,0,0,0,0,0,0,0,0,0,,,,
1415154237.03727,information_schema,sql_features,0,0,,,0,0,0,0,0,0,0,0,,,0,0,0,0
1415154237.03727,public,lineitem,9,539874468,0,0,59986052,0,0,0,59986052,0,7508628,5453690,0,0,,,,
1415154237.03727,public,time_statistics,0,0,,,1,0,0,0,1,0,1,0,,,,,,
1415154237.03727,pg_catalog,pg_class,10171,2541467,687874,638860,1142,402,1104,384,337,0,12908,729428,12012,1424908,,,,
1415154237.03727,pg_catalog,pg_opfamily,0,0,0,0,0,0,0,0,0,0,0,0,0,0,,,,
1415154237.03727,pg_catalog,pg_auth_members,0,0,0,0,0,0,0,0,0,0,0,0,0,0,,,,
1415154237.03727,pg_catalog,pg_operator,0,0,182004,910948,0,0,0,0,0,0,12829,625332,9361,390707,,,,
1415154237.03727,information_schema,sql_packages,0,0,,,0,0,0,0,0,0,0,0,,,0,0,0,0
1415154237.03727,pg_catalog,pg_attribute,1639,11175,526027,1132058,4186,120,4008,91,2514,462,20990,575387,8088,1089112,,,,
1415154237.03727,pg_catalog,pg_tablespace,2,4,17838,17838,0,0,0,0,0,0,1150,16690,2332,33412,,,,
1415154237.03727,pg_catalog,pg_statistic,0,0,135521,128645,910,2570,863,2128,448,91,14078,121965,3637,288344,25821,106974,1721,173996
1415154237.03727,pg_catalog,pg_aggregate,0,0,12427,12427,0,0,0,0,0,0,1513,10914,3278,18483,,,,
1415154237.03727,pg_catalog,pg_inherits,0,0,659,0,0,0,0,0,0,0,0,0,297,362,,,,
1415154237.03727,information_schema,sql_sizing,0,0,,,0,0,0,0,0,0,0,0,,,0,0,0,0
1415154237.03727,pg_catalog,pg_enum,0,0,0,0,0,0,0,0,0,0,0,0,0,0,,,,
1415154237.03727,pg_toast,pg_toast_2396,0,0,0,0,0,0,0,0,0,0,0,0,0,0,,,,
1415154237.03727,pg_catalog,pg_pltemplate,0,0,0,0,0,0,0,0,0,0,0,0,0,0,,,,
1415154237.03727,pg_toast,pg_toast_2618,0,0,4219,13486,0,0,0,0,0,0,1856,3261,601,6177,,,,
1415154237.03727,pg_toast,pg_toast_3596,0,0,0,0,0,0,0,0,0,0,0,0,0,0,,,,
1415154237.03727,pg_toast,pg_toast_11747,0,0,0,0,0,0,0,0,0,0,0,0,0,0,,,,
1415154237.03727,pg_toast,pg_toast_11727,0,0,0,0,0,0,0,0,0,0,0,0,0,0,,,,
1415154237.03727,pg_toast,pg_toast_2606,0,0,0,0,0,0,0,0,0,0,0,0,0,0,,,,
1415154237.03727,pg_toast,pg_toast_2964,0,0,0,0,0,0,0,0,0,0,0,0,0,0,,,,
1415154237.03727,pg_catalog,pg_database,2556,9954,86278,86276,1,0,0,0,1,0,836,87997,5055,132494,,,,
1415154237.03727,information_schema,sql_parts,0,0,,,0,0,0,0,0,0,0,0,,,0,0,0,0
1415154237.03727,pg_toast,pg_toast_2620,0,0,0,0,0,0,0,0,0,0,0,0,0,0,,,,
1415154237.03727,public,region,2,10,0,0,5,0,0,0,5,0,1,3,0,0,,,,
1415154237.03727,pg_toast,pg_toast_11737,0,0,0,0,0,0,0,0,0,0,0,0,0,0,,,,
1415154237.03727,pg_catalog,pg_depend,0,0,27712,30074,5180,0,5090,0,6685,955,4684,35124,7111,72081,,,,
1415154237.03727,pg_catalog,pg_language,0,0,0,0,0,0,0,0,0,0,0,0,0,0,,,,
1415154237.03727,information_schema,sql_implementation_info,0,0,,,0,0,0,0,0,0,0,0,,,0,0,0,0
1415154237.03727,public,part,6,12000000,0,0,2000000,0,0,0,2000000,0,79007,327715,0,0,,,,
1415154237.03727,public,supplier,4,400000,0,0,100000,0,0,0,100000,0,2312,15648,0,0,,,,
1415154237.03727,pg_catalog,pg_amproc,298,596,103913,163020,0,0,0,0,0,0,1381,101247,3589,229034,,,,
1415154237.03727,pg_catalog,pg_collation,0,0,0,0,0,0,0,0,0,0,0,0,0,0,,,,
1415154237.03727,pg_catalog,pg_range,0,0,5328,0,0,0,0,0,0,0,0,0,3138,7518,,,,
1415154237.03727,pg_toast,pg_toast_2609,0,0,0,0,0,0,0,0,0,0,0,0,0,0,,,,
1415154237.03727,pg_catalog,pg_opclass,298,298,142424,1621991,0,0,0,0,0,0,3060,639354,5003,172821,,,,
1415154237.03727,pg_toast,pg_toast_11752,0,0,0,0,0,0,0,0,0,0,0,0,0,0,,,,
1415154237.03727,pg_catalog,pg_rewrite,0,0,8196,7038,386,0,386,0,110,22,3125,6958,1591,12395,1856,3261,1202,12354
1415154237.03727,pg_toast,pg_toast_1255,0,0,0,0,0,0,0,0,0,0,0,0,0,0,,,,
1415154237.03727,pg_catalog,pg_seclabel,0,0,2885,0,0,0,0,0,0,0,0,0,282,2603,0,0,0,0
1415154237.03727,information_schema,sql_languages,0,0,,,0,0,0,0,0,0,0,0,,,0,0,0,0
1415154237.03727,public,nation,2,50,0,0,25,0,0,0,25,0,1,3,0,0,,,,
1415154237.03727,pg_catalog,pg_ts_parser,0,0,0,0,0,0,0,0,0,0,0,0,0,0,,,,
1415154237.03727,pg_catalog,pg_trigger,0,0,0,0,0,0,0,0,0,0,0,0,0,0,0,0,0,0
1415154237.03727,pg_catalog,pg_shseclabel,0,0,0,0,0,0,0,0,0,0,0,0,0,0,,,,
1415154237.03727,pg_catalog,pg_event_trigger,0,0,1125,0,0,0,0,0,0,0,0,0,297,828,,,,
1415154237.03727,pg_toast,pg_toast_11742,0,0,0,0,0,0,0,0,0,0,0,0,0,0,,,,
1415154237.03727,pg_catalog,pg_foreign_table,0,0,0,0,0,0,0,0,0,0,0,0,0,0,,,,
1415154237.03727,information_schema,sql_sizing_profiles,0,0,,,0,0,0,0,0,0,0,0,,,0,0,0,0
1415154237.03727,pg_catalog,pg_extension,0,0,0,0,0,0,0,0,0,0,0,0,0,0,,,,
1415154237.03727,pg_catalog,pg_ts_config,0,0,0,0,0,0,0,0,0,0,0,0,0,0,,,,
1415154237.03727,pg_catalog,pg_shdescription,0,0,0,0,0,0,0,0,0,0,0,0,0,0,0,0,0,0
1415154237.03727,public,partsupp,3,24000000,0,0,8000000,0,0,0,8000000,0,340611,954509,0,0,,,,
1415154237.03727,pg_catalog,pg_cast,0,0,775581,188603,0,0,0,0,0,0,2195,186408,2021,796917,,,,
1415154237.03727,pg_catalog,pg_amop,0,0,213560,308504,0,0,0,0,0,0,4077,304427,7450,449183,,,,
1415154237.03727,public,customer,6,9000000,0,0,1500000,0,0,0,1500000,0,68533,294857,0,0,,,,
1415154237.03727,pg_catalog,pg_user_mapping,0,0,0,0,0,0,0,0,0,0,0,0,0,0,,,,
1415154237.03727,pg_catalog,pg_type,0,0,564996,559950,1326,0,1307,0,360,107,6076,559651,8248,1157622,,,,
1415154237.03727,pg_catalog,pg_largeobject,0,0,0,0,0,0,0,0,0,0,0,0,0,0,,,,
1415154237.03727,pg_catalog,pg_ts_config_map,0,0,0,0,0,0,0,0,0,0,0,0,0,0,,,,
1415154237.03727,pg_catalog,pg_largeobject_metadata,0,0,0,0,0,0,0,0,0,0,0,0,0,0,,,,
1415154237.03727,pg_catalog,pg_am,25270,25270,0,0,0,0,0,0,0,0,1164,24106,0,0,,,,
1415154237.03727,pg_toast,pg_toast_11722,0,0,0,0,0,0,0,0,0,0,0,0,0,0,,,,
1415154237.03727,pg_catalog,pg_ts_template,0,0,0,0,0,0,0,0,0,0,0,0,0,0,,,,
1415154237.03727,pg_catalog,pg_foreign_server,0,0,0,0,0,0,0,0,0,0,0,0,0,0,,,,
1415154237.03727,pg_catalog,pg_namespace,2038,30994,141236,117268,36,0,0,0,36,0,1060,118337,3090,164638,,,,
1415154237.03727,pg_toast,pg_toast_2619,0,0,81846,272787,3023,0,2814,0,219,16,25821,106974,1721,173996,,,,
1415154237.03727,pg_catalog,pg_authid,921,921,48116,48116,0,0,0,0,0,0,1004,48033,4147,92085,,,,
1415154237.03727,pg_catalog,pg_default_acl,0,0,2676,0,0,0,0,0,0,0,0,0,281,2395,,,,
1415154237.03727,public,orders,4,60000000,0,0,15000000,0,0,0,15000000,0,504554,1558780,0,0,,,,
1415154237.03727,pg_catalog,pg_shdepend,0,0,3592,706,0,0,0,0,0,0,297,409,1173,3749,,,,
1415154237.03727,pg_catalog,pg_constraint,0,0,184,88,96,0,88,0,10,32,53,522,96,948,0,0,0,0
1415154237.03727,pg_catalog,pg_index,5194,587930,256092,366033,473,0,445,0,143,0,5719,352269,4723,292765,,,,
1415154237.03727,pg_catalog,pg_ts_dict,0,0,0,0,0,0,0,0,0,0,0,0,0,0,,,,
1415154237.03727,pg_toast,pg_toast_2604,0,0,0,0,0,0,0,0,0,0,0,0,0,0,,,,
1415154237.03727,pg_toast,pg_toast_11732,0,0,0,0,0,0,0,0,0,0,0,0,0,0,,,,
1415154237.03727,pg_catalog,pg_proc,0,0,228008,337230,0,0,0,0,0,0,23950,227746,15341,486716,0,0,0,0
